# Object Export From Tinkercad Server 2015

mtllib obj.mtl

o obj_0
v -21.203 		-4 		20.503
v -21.203 		-4 		6.003
v -4.855 		-21.274 		24
v -4.528 		-20.863 		24
v -24.003 		-4 		6.003
v -24.003 		-4 		4
v -5.229 		-22.124 		24
v -26.5 		-4 		4
v -16.351 		-23.179 		6.1
v -15.816 		-22.883 		6.1
v -15.236 		-22.667 		6.1
v -14.626 		-22.535 		6.1
v -14 		-22.49 		6.1
v -13.374 		-22.535 		6.1
v 22.003 		-4 		6.003
v -12.764 		-22.667 		6.1
v 19.203 		-4 		6.003
v -12.184 		-22.883 		6.1
v -11.649 		-23.179 		6.1
v -5.242 		-22.314 		24
v -11.172 		-23.547 		6.1
v -10.764 		-23.977 		6.1
v 22.003 		-4 		4
v -10.436 		-24.46 		6.1
v 4.832 		-37.394 		23.598
v 19.203 		-4 		20.503
v 4.74 		-37.441 		23.598
v 4.672 		-37.481 		23.598
v -10.196 		-24.983 		6.1
v -10.049 		-25.534 		6.1
v -10 		-26.098 		6.1
v -10.049 		-26.662 		6.1
v -10.196 		-27.213 		6.1
v -10.436 		-27.736 		6.1
v -2.4 		-27.144 		23.598
v -2.4 		-27.144 		24
v -4.232 		-21.155 		24
v -2.961 		-26.792 		24
v -4.4 		-21.358 		24
v -2.961 		-26.792 		23.598
v -4.524 		-21.534 		24
v -4.616 		-21.698 		24
v -4.683 		-21.865 		24
v -4.735 		-22.05 		24
v -4.781 		-22.265 		24
v 1.306 		-22.492 		24
v 4.632 		-37.512 		23.598
v -26.5 		-4 		24
v 24.5 		-4 		24
v 4.761 		-36.903 		23.598
v 4.674 		-36.941 		23.598
v 4.602 		-36.976 		23.598
v -0.292 		-23.553 		24
v 4.546 		-37.005 		23.598
v 24.5 		-4 		4
v 4.51 		-37.03 		23.598
v -10.764 		-28.219 		6.1
v -11.172 		-28.649 		6.1
v -11.649 		-29.017 		6.1
v -12.184 		-29.313 		6.1
v -26.5 		-50 		24
v -0.176 		-23.655 		24
v -21.203 		-50 		20.503
v 19.203 		-50 		20.503
v -14.464 		-24.81 		6.1
v -0.023 		-23.747 		24
v 19.203 		-50 		6.003
v 22.003 		-50 		6.003
v 22.003 		-50 		5.0566
v -24.003 		-50 		6.003
v -21.203 		-50 		6.003
v -14.883 		-25.002 		6.1
v -26.5 		-50 		5.0566
v -24.003 		-50 		5.0566
v 24.5 		-50 		24
v 24.5 		-50 		5.0566
v -15.216 		-25.302 		6.1
v 24.5 		-47.4499 		4
v -15.429 		-25.68 		6.1
v -26.5 		-47.4499 		4
v -0.374 		-23.442 		24
v -15.503 		-26.099 		6.1
v -0.421 		-23.319 		24
v -15.429 		-26.518 		6.1
v -0.421 		-23.053 		24
v -15.216 		-26.896 		6.1
v -18.095 		-45.284 		24
v -17.415 		-45.471 		24
v -17.63 		-45.456 		24
v -14.883 		-27.195 		6.1
v -17.865 		-45.389 		24
v -14.464 		-27.388 		6.1
v -0.12 		-23.049 		24
v -0.17 		-23.126 		24
v -0.198 		-23.199 		24
v -0.199 		-23.266 		24
v -0.169 		-23.322 		24
v -0.042 		-23.379 		24
v -0.436 		-23.184 		24
v -17.602 		-45.216 		24
v -17.557 		-45.262 		24
v -14 		-24.743 		6.1
v -17.69 		-45.127 		24
v 4.945 		-37.341 		23.598
v 5.076 		-37.284 		23.598
v -18.295 		-45.156 		24
v -0.286 		-22.812 		24
v -0.155 		-22.695 		24
v 4.163 		-37.219 		23.598
v -17.508 		-45.29 		24
v -17.45 		-45.296 		24
v -0.373 		-22.929 		24
v -17.189 		-45.385 		24
v -17.246 		-45.422 		24
v 5.219 		-37.226 		23.598
v 5.374 		-37.168 		23.598
v 5.737 		-37.025 		23.598
v 6.018 		-36.896 		23.598
v -0.053 		-22.977 		24
v 5.534 		-37.11 		23.598
v -17.379 		-45.278 		24
v -17.29 		-45.235 		24
v -17.176 		-45.163 		24
v -3.734 		-20.612 		24
v -4.014 		-20.911 		24
v 0.358 		-34.342 		23.598
v 0.445 		-34.308 		23.598
v -17.028 		-45.481 		24
v -17.032 		-45.456 		24
v -4.129 		-20.411 		24
v 0.176 		-34.424 		23.598
v 0.268 		-34.381 		23.598
v -2.059 		-18.555 		24
v -17.034 		-45.422 		24
v -17.037 		-45.388 		24
v -17.043 		-45.362 		24
v -17.057 		-45.346 		24
v -17.077 		-45.34 		24
v -17.105 		-45.344 		24
v -17.142 		-45.359 		24
v 0.526 		-34.276 		23.598
v 0.597 		-34.249 		23.598
v -17.021 		-45.496 		24
v -1.437 		-18.735 		24
v -1.992 		-19.096 		24
v -2.472 		-19.445 		24
v -2.904 		-19.802 		24
v 0.106 		-33.984 		23.598
v -3.316 		-20.185 		24
v -16.998 		-45.5 		24
v -17.011 		-45.503 		24
v 0.366 		-33.873 		23.598
v -3.685 		-19.944 		24
v -16.916 		-45.414 		24
v -16.945 		-45.445 		24
v -3.22 		-19.492 		24
v -16.965 		-45.471 		24
v -2.76 		-19.083 		24
v -16.983 		-45.489 		24
v -2.33 		-18.742 		24
v 0.704 		-34.214 		23.598
v 0.733 		-34.206 		23.598
v 0.769 		-34.195 		23.598
v 0.828 		-34.174 		23.598
v 0.904 		-34.145 		23.598
v 0.995 		-34.107 		23.598
v -0.312 		-17.535 		24
v 0.657 		-34.228 		23.598
v -0.082 		-17.427 		24
v -17.033 		-45.062 		24
v -1.355 		-18.116 		24
v -0.977 		-17.896 		24
v -0.62 		-17.697 		24
v -16.497 		-45.155 		24
v -16.608 		-45.215 		24
v -16.708 		-45.273 		24
v -16.795 		-45.326 		24
v -16.865 		-45.374 		24
v 1.606 		-33.826 		23.598
v -18.439 		-45.018 		24
v -0.781 		-18.344 		24
v -18.46 		-44.768 		24
v 1.457 		-33.895 		23.598
v -1.724 		-18.341 		24
v 1.333 		-33.954 		23.598
v -18.503 		-44.884 		24
v -18.467 		-44.372 		24
v -18.46 		-44.302 		24
v -18.449 		-44.403 		24
v -14 		-27.454 		6.1
v -18.438 		-44.194 		24
v -13.536 		-27.388 		6.1
v -13.117 		-27.195 		6.1
v 3.361 		-32.533 		24
v -12.784 		-26.896 		6.1
v 3.952 		-32.275 		24
v -12.571 		-26.518 		6.1
v -18.021 		-44.066 		24
v -18.194 		-44.226 		24
v -18.403 		-44.392 		24
v -12.498 		-26.099 		6.1
v 3.763 		-28.701 		24
v -18.41 		-44.108 		24
v -12.571 		-25.68 		6.1
v 5.078 		-32.292 		24
v 4.698 		-32.465 		24
v -12.784 		-25.302 		6.1
v 4.323 		-32.633 		24
v -18.32 		-44.334 		24
v 5.451 		-32.119 		24
v -13.117 		-25.002 		6.1
v -13.536 		-24.81 		6.1
v 6.136 		-31.794 		24
v 5.808 		-31.952 		24
v -18.405 		-44.751 		24
v -18.069 		-44.871 		24
v -17.934 		-44.949 		24
v -17.804 		-45.036 		24
v 4.455 		-32.058 		24
v 4.809 		-31.908 		24
v -18.315 		-44.767 		24
v -18.2 		-44.809 		24
v 4.955 		-31.852 		24
v 4.987 		-31.84 		24
v 5.065 		-31.806 		24
v 5.183 		-31.752 		24
v -14 		-29.706 		6.1
v -14.626 		-29.661 		6.1
v -15.236 		-29.529 		6.1
v 5.517 		-31.593 		24
v 5.724 		-31.493 		24
v -12.764 		-29.529 		6.1
v 5.951 		-31.384 		24
v -13.374 		-29.661 		6.1
v 5.335 		-31.679 		24
v -16.509 		-44.672 		24
v 6.144 		-30.72 		24
v 1.099 		-34.061 		23.598
v 1.212 		-34.01 		23.598
v 6.963 		-30.905 		24
v -16.856 		-44.929 		24
v -16.67 		-44.785 		24
v 7.215 		-30.792 		24
v 1.201 		-33.505 		23.598
v -15.816 		-29.313 		6.1
v -16.351 		-29.017 		6.1
v 6.191 		-31.266 		24
v 6.704 		-31.023 		24
v -18.361 		-44.008 		24
v 6.444 		-31.145 		24
v -18.292 		-43.897 		24
v -16.828 		-28.649 		6.1
v -17.236 		-28.219 		6.1
v -17.564 		-27.736 		6.1
v -17.804 		-27.213 		6.1
v -17.951 		-26.662 		6.1
v -18 		-26.098 		6.1
v -17.951 		-25.534 		6.1
v -18.204 		-43.775 		24
v -17.804 		-24.983 		6.1
v -17.564 		-24.46 		6.1
v -17.236 		-23.977 		6.1
v -16.828 		-23.547 		6.1
v -18.1 		-43.643 		24
v -17.98 		-43.506 		24
v 19.203 		-6 		20.503
v -17.848 		-43.363 		24
v 8.056 		-30.94 		24
v 7.863 		-31.018 		24
v 7.629 		-31.117 		24
v 7.363 		-31.233 		24
v 7.071 		-31.364 		24
v 22.5 		-6 		22
v 6.764 		-31.503 		24
v 6.449 		-31.648 		24
v -17.702 		-43.218 		24
v 5.987 		-28.956 		24
v 5.721 		-28.924 		24
v -17.294 		-43.39 		24
v -17.792 		-43.849 		24
v 5.503 		-28.895 		24
v -17.37 		-42.903 		24
v 15.364 		-24.46 		22
v -17.062 		-42.616 		24
v 5.345 		-28.867 		24
v 5.173 		-28.843 		24
v 4.916 		-28.812 		24
v 4.588 		-28.778 		24
v 15.036 		-23.977 		22
v 4.199 		-28.741 		24
v -16.782 		-42.362 		24
v 7.451 		-30.688 		24
v -16.535 		-42.144 		24
v 14.628 		-23.547 		22
v 7.666 		-30.597 		24
v 14.151 		-23.179 		22
v 7.996 		-30.463 		24
v 8.124 		-30.417 		24
v 13.616 		-22.883 		22
v -16.766 		-42.935 		24
v 7.85 		-30.52 		24
v 13.036 		-22.667 		22
v -16.384 		-36.864 		24
v 6.293 		-28.989 		24
v 12.426 		-22.535 		22
v 7.717 		-29.12 		24
v -16.378 		-45.093 		24
v 7.351 		-29.089 		24
v -16.359 		-44.584 		24
v -16.05 		-44.464 		24
v -15.869 		-44.423 		24
v 6.985 		-29.056 		24
v 12.426 		-29.661 		22
v -15.655 		-44.388 		24
v -15.397 		-44.355 		24
v 6.629 		-29.023 		24
v 13.036 		-29.529 		22
v 7.949 		-28.686 		24
v -16.21 		-44.516 		24
v 13.616 		-29.313 		22
v 14.151 		-29.017 		22
v 1.787 		-28.54 		24
v 14.628 		-28.649 		22
v 1.288 		-28.499 		24
v 0.367 		-28.418 		24
v 15.036 		-28.219 		22
v -15.492 		-44.779 		24
v -15.696 		-44.813 		24
v -15.874 		-44.864 		24
v -16.053 		-44.936 		24
v -16.254 		-45.032 		24
v 15.364 		-27.736 		22
v -14.913 		-44.318 		24
v -14.594 		-44.304 		24
v 0.049 		-27.923 		24
v 0.431 		-27.96 		24
v 0.861 		-28 		24
v 1.326 		-28.041 		24
v 1.815 		-28.081 		24
v 15.604 		-27.213 		22
v 15.751 		-26.662 		22
v 0.811 		-28.458 		24
v -14.505 		-44.757 		24
v -14.921 		-44.754 		24
v -15.243 		-44.761 		24
v 15.8 		-26.098 		22
v -15.184 		-44.335 		24
v 15.751 		-25.534 		22
v 3.871 		-28.246 		24
v 1.306 		-22.492 		23.598
v 1.207 		-22.525 		23.598
v 1.207 		-22.525 		24
v 2.315 		-28.121 		24
v 2.827 		-28.158 		24
v 1.423 		-22.448 		24
v 1.423 		-22.448 		23.598
v -13.971 		-44.768 		24
v 3.35 		-28.201 		24
v 1.694 		-22.335 		24
v 2.018 		-33.639 		23.598
v 1.694 		-22.335 		23.598
v 1.553 		-22.395 		23.598
v 1.553 		-22.395 		24
v -12.679 		-44.285 		24
v 1.663 		-33.29 		23.598
v -13.066 		-44.786 		24
v 1.324 		-33.447 		23.598
v 0.612 		-33.767 		23.598
v 1.935 		-21.726 		24
v -14.238 		-44.294 		24
v 1.935 		-21.726 		23.598
v 0.838 		-33.667 		23.598
v -13.858 		-44.287 		24
v 1.737 		-21.811 		24
v 1.737 		-21.811 		23.598
v -12.362 		-44.798 		24
v 1.036 		-33.579 		23.598
v -13.067 		-44.282 		24
v 1.11 		-22.078 		23.598
v 1.11 		-22.078 		24
v 1.796 		-33.739 		23.598
v 1.319 		-21.989 		23.598
v 1.319 		-21.989 		24
v -13.464 		-44.283 		24
v 1.53 		-21.899 		24
v 1.53 		-21.899 		23.598
v 2.742 		-32.806 		23.598
v 2.156 		-33.067 		23.598
v 3.082 		-33.173 		23.598
v 3.351 		-33.058 		23.598
v 3.638 		-32.934 		23.598
v 3.966 		-32.791 		23.598
v 1.992 		-22.197 		24
v 1.992 		-22.197 		23.598
v 1.842 		-22.268 		23.598
v 2.267 		-33.528 		23.598
v 1.842 		-22.268 		24
v 2.531 		-33.412 		23.598
v -15.689 		-42.09 		24
v -16.224 		-42.497 		24
v 2.806 		-33.292 		23.598
v -16.328 		-41.967 		24
v 4.025 		-20.915 		24
v 4.025 		-20.915 		23.598
v -16.164 		-41.836 		24
v 3.569 		-21.079 		24
v 3.569 		-21.079 		23.598
v -16.048 		-41.753 		24
v 2.571 		-21.451 		23.598
v 2.571 		-21.451 		24
v 2.404 		-21.519 		24
v 2.404 		-21.519 		23.598
v -15.987 		-41.726 		24
v 15.604 		-24.983 		22
v 2.829 		-21.351 		23.598
v 2.829 		-21.351 		24
v 3.167 		-21.226 		23.598
v 3.167 		-21.226 		24
v -15.958 		-41.716 		24
v -15.908 		-41.689 		24
v -15.837 		-41.646 		24
v -15.751 		-41.589 		24
v -15.65 		-41.52 		24
v 11.8 		-22.49 		22
v -15.539 		-41.44 		24
v -15.42 		-41.351 		24
v 11.174 		-22.535 		22
v 5.189 		-36.743 		23.598
v 5.076 		-36.783 		23.598
v 4.965 		-36.823 		23.598
v 4.859 		-36.863 		23.598
v -15.013 		-41.059 		24
v 10.564 		-22.667 		22
v 5.694 		-36.543 		23.598
v 5.425 		-36.656 		23.598
v 2.275 		-21.578 		24
v 2.275 		-21.578 		23.598
v 6.015 		-36.396 		23.598
v 2.116 		-21.647 		24
v 2.116 		-21.647 		23.598
v 3.291 		-28.66 		24
v 2.797 		-28.62 		24
v 2.293 		-28.58 		24
v 3.834 		-21.472 		23.598
v 3.834 		-21.472 		24
v 8.186 		-35.267 		23.598
v 3.33 		-21.658 		23.598
v 3.33 		-21.658 		24
v 6.365 		-36.73 		23.598
v 6.765 		-36.532 		23.598
v 7.205 		-36.308 		23.598
v 7.671 		-36.066 		23.598
v 8.151 		-35.81 		23.598
v 7.067 		-28.599 		24
v 2.879 		-21.827 		24
v 2.879 		-21.827 		23.598
v 2.497 		-21.978 		23.598
v 2.497 		-21.978 		24
v -14.709 		-41.421 		24
v -15.178 		-41.726 		24
v 7.472 		-35.649 		23.598
v 2.196 		-22.103 		23.598
v 2.196 		-22.103 		24
v -15.297 		-41.254 		24
v 6.886 		-35.957 		23.598
v -15.162 		-41.158 		24
v 6.406 		-36.203 		23.598
v 5.141 		-23.937 		23.598
v 5.141 		-23.937 		24
v 4.331 		-23.876 		24
v 4.331 		-23.876 		23.598
v 9.533 		-35.055 		23.598
v 9.932 		-34.838 		23.598
v -13.971 		-41.036 		24
v -14.301 		-41.186 		24
v 5.851 		-24 		23.598
v 5.851 		-24 		24
v 6.477 		-24.07 		23.598
v -10.755 		-44.717 		24
v 6.477 		-24.07 		24
v -10.925 		-44.756 		24
v 9.096 		-35.293 		23.598
v -8.582 		-43.66 		24
v -9.194 		-43.971 		24
v 7.032 		-24.146 		23.598
v 7.032 		-24.146 		24
v 8.631 		-35.548 		23.598
v -9.718 		-44.235 		24
v 10.085 		-34.262 		23.598
v 9.738 		-34.439 		23.598
v 9.388 		-34.621 		23.598
v -2.607 		-27.557 		23.598
v 9.043 		-34.802 		23.598
v 6.758 		-28.564 		24
v -15.42 		-41.351 		23.598
v -15.539 		-41.44 		23.598
v 5.628 		-28.428 		24
v 5.913 		-28.465 		24
v 6.171 		-28.497 		24
v 6.456 		-28.53 		24
v -2.607 		-27.557 		24
v 11.943 		-33.418 		23.598
v 4.373 		-28.293 		24
v 11.015 		-34.286 		23.598
v 11.197 		-34.258 		23.598
v -3.211 		-27.171 		23.598
v 11.5 		-34.145 		23.598
v -3.211 		-27.171 		24
v 11.881 		-33.969 		23.598
v 4.843 		-28.34 		24
v -0.031 		-28.379 		23.598
v 10.802 		-34.38 		23.598
v -0.031 		-28.379 		24
v 10.952 		-34.308 		23.598
v 5.267 		-28.385 		24
v 10.575 		-34.495 		23.598
v -0.369 		-28.343 		23.598
v -0.369 		-28.343 		24
v -0.635 		-28.31 		23.598
v -0.635 		-28.31 		24
v 10.283 		-34.65 		23.598
v -0.815 		-28.282 		23.598
v -0.815 		-28.282 		24
v 7.375 		-28.631 		24
v 7.672 		-28.661 		24
v -1.384 		-28.13 		23.598
v -1.384 		-28.13 		24
v 7.892 		-24.793 		24
v 7.461 		-24.7 		24
v 11.427 		-33.632 		23.598
v 7 		-24.618 		24
v 11.008 		-33.814 		23.598
v 10.73 		-33.946 		23.598
v 10.418 		-34.096 		23.598
v -1.82 		-27.445 		23.598
v -1.82 		-27.445 		24
v 8.456 		-30.783 		24
v 11.243 		-33.708 		23.598
v 8.197 		-30.888 		24
v 8.321 		-30.842 		24
v -1.243 		-27.68 		23.598
v -1.243 		-27.68 		24
v 12.732 		-32.983 		23.598
v 12.301 		-33.754 		23.598
v 12.72 		-33.519 		23.598
v 13.095 		-33.287 		23.598
v 13.387 		-33.08 		23.598
v 13.554 		-32.92 		23.598
v -0.693 		-27.834 		23.598
v 13.606 		-32.837 		23.598
v -0.693 		-27.834 		24
v 12.375 		-33.205 		23.598
v -0.526 		-27.858 		23.598
v -0.526 		-27.858 		24
v 8.6 		-30.714 		24
v -0.274 		-27.889 		23.598
v -0.274 		-27.889 		24
v 9.168 		-30.385 		24
v 9.035 		-30.471 		24
v -10.139 		-44.445 		24
v 8.893 		-30.556 		24
v -15.65 		-41.52 		23.598
v 8.747 		-30.638 		24
v -10.437 		-44.591 		24
v -16.328 		-41.967 		23.598
v -10.595 		-44.664 		24
v -16.164 		-41.836 		23.598
v -16.048 		-41.753 		23.598
v -11.431 		-44.798 		24
v 8.256 		-30.364 		24
v 8.388 		-30.307 		24
v 8.516 		-30.248 		24
v -15.987 		-41.726 		23.598
v -11.14 		-44.782 		24
v 8.91 		-30.015 		24
v 8.977 		-29.969 		24
v -15.958 		-41.716 		23.598
v -11.828 		-44.802 		24
v 8.836 		-30.069 		24
v -15.908 		-41.689 		23.598
v 8.635 		-30.187 		24
v 8.743 		-30.127 		24
v -15.837 		-41.646 		23.598
v 9.045 		-29.926 		24
v -15.751 		-41.589 		23.598
v -10.818 		-44.308 		24
v 9.174 		-29.853 		24
v 9.111 		-29.887 		24
v -15.013 		-41.059 		23.598
v -13.49 		-40.841 		24
v -14.709 		-41.421 		23.598
v 9.289 		-30.302 		24
v -12.861 		-40.561 		24
v -15.178 		-41.726 		23.598
v -13.651 		-40.395 		24
v -14.104 		-40.577 		24
v -15.297 		-41.254 		23.598
v 9.439 		-30.183 		24
v -14.53 		-40.775 		24
v -14.375 		-40.696 		24
v -14.692 		-40.864 		24
v -15.162 		-41.158 		23.598
v 9.558 		-30.079 		24
v 9.792 		-29.721 		24
v -14.232 		-40.629 		24
v -13.064 		-40.138 		24
v -12.385 		-39.826 		24
v 9.717 		-29.9 		24
v -13.971 		-41.036 		23.598
v 9.65 		-29.987 		24
v -14.854 		-40.959 		24
v 9.232 		-29.824 		24
v -14.301 		-41.186 		23.598
v 9.283 		-29.804 		24
v 9.324 		-29.791 		24
v -10.755 		-44.717 		23.598
v -10.925 		-44.756 		23.598
v 9.355 		-29.785 		24
v 9.38 		-29.78 		24
v 9.402 		-29.765 		24
v -11.336 		-39.834 		24
v -12.129 		-40.219 		24
v -8.582 		-43.66 		23.598
v -9.194 		-43.971 		23.598
v -9.718 		-44.235 		23.598
v -9.745 		-39.024 		24
v 9.424 		-29.741 		24
v 9.441 		-29.71 		24
v -10.527 		-39.429 		24
v -10.139 		-44.445 		23.598
v 9.764 		-29.813 		24
v -10.437 		-44.591 		23.598
v -10.595 		-44.664 		23.598
v -11.659 		-39.482 		24
v -10.929 		-39.125 		24
v -9.032 		-38.643 		24
v 8.197 		-28.706 		24
v -11.431 		-44.798 		23.598
v -8.435 		-38.304 		24
v -11.14 		-44.782 		23.598
v 9.033 		-29.237 		24
v -8.746 		-37.96 		24
v 8.721 		-29.204 		24
v -8.566 		-37.859 		24
v 8.289 		-29.165 		24
v -8.404 		-37.77 		24
v 8.646 		-28.743 		24
v -10.818 		-44.308 		23.598
v -8.266 		-37.697 		24
v -11.828 		-44.802 		23.598
v 9.008 		-28.79 		24
v -9.147 		-38.19 		24
v -8.942 		-38.071 		24
v 9.797 		-29.307 		24
v 9.812 		-29.498 		24
v -10.238 		-38.778 		24
v -9.63 		-38.458 		24
v 9.808 		-29.617 		24
v -13.49 		-40.841 		23.598
v -12.861 		-40.561 		23.598
v -6.886 		-42.287 		24
v -6.084 		-41.878 		24
v -5.318 		-41.49 		24
v -13.651 		-40.395 		23.598
v -14.104 		-40.577 		23.598
v 9.456 		-29.671 		24
v 9.467 		-29.625 		24
v 9.475 		-29.576 		24
v 9.478 		-29.522 		24
v 9.472 		-29.434 		24
v 9.445 		-29.367 		24
v 9.376 		-29.315 		24
v 9.245 		-29.273 		24
v -6.396 		-42.529 		24
v -7.166 		-42.93 		24
v -5.356 		-41.989 		24
v -14.375 		-40.696 		23.598
v 9.29 		-28.849 		24
v -14.53 		-40.775 		23.598
v -7.9 		-43.31 		24
v -3.815 		-41.208 		24
v -4.502 		-41.552 		24
v 9.501 		-28.926 		24
v 9.651 		-29.025 		24
v -14.692 		-40.864 		23.598
v 9.746 		-29.15 		24
v -14.232 		-40.629 		23.598
v -13.064 		-40.138 		23.598
v -4.608 		-41.133 		24
v -12.385 		-39.826 		23.598
v -14.854 		-40.959 		23.598
v 13.807 		-32.41 		24
v 13.734 		-32.576 		24
v 13.957 		-32.033 		24
v -7.826 		-37.953 		24
v -8.137 		-38.13 		24
v 13.882 		-32.227 		24
v -8.157 		-37.64 		24
v -11.336 		-39.834 		23.598
v -12.129 		-40.219 		23.598
v -8.082 		-37.604 		24
v 13.667 		-32.72 		24
v -9.745 		-39.024 		23.598
v -7.205 		-37.614 		24
v -7.513 		-37.779 		24
v -10.527 		-39.429 		23.598
v -8.045 		-37.592 		24
v 14.031 		-31.833 		24
v -10.929 		-39.125 		23.598
v -11.659 		-39.482 		23.598
v -7.976 		-37.565 		24
v -7.943 		-37.546 		24
v -7.907 		-37.523 		24
v -7.871 		-37.496 		24
v -7.834 		-37.465 		24
v -7.799 		-37.431 		24
v -8.028 		-37.589 		24
v 13.021 		-32.746 		24
v 13.251 		-32.487 		24
v -8.004 		-37.58 		24
v 13.427 		-32.199 		24
v 13.559 		-31.875 		24
v -7.689 		-37.348 		24
v -9.032 		-38.643 		23.598
v -7.54 		-37.253 		24
v 13.673 		-31.426 		24
v 13.695 		-31.347 		24
v -7.354 		-37.148 		24
v -8.435 		-38.304 		23.598
v 13.72 		-31.272 		24
v 13.745 		-31.204 		24
v -9.63 		-38.458 		23.598
v -10.238 		-38.778 		23.598
v 13.771 		-31.144 		24
v -9.147 		-38.19 		23.598
v -7.131 		-37.031 		24
v 14.311 		-30.883 		24
v 14.26 		-31.103 		24
v -6.874 		-36.904 		24
v 14.19 		-31.348 		24
v -8.566 		-37.859 		23.598
v -8.746 		-37.96 		23.598
v 14.1 		-31.634 		24
v -8.404 		-37.77 		23.598
v -6.218 		-37.122 		24
v -6.41 		-37.21 		24
v -6.644 		-37.324 		24
v -6.913 		-37.46 		24
v -8.266 		-37.697 		23.598
v 13.655 		-31.507 		24
v 13.797 		-31.094 		24
v -8.942 		-38.071 		23.598
v -5.628 		-36.87 		24
v 13.822 		-31.058 		24
v -3.969 		-40.815 		24
v -3.42 		-40.546 		24
v -2.667 		-40.189 		24
v -2.497 		-40.118 		24
v -6.886 		-42.287 		23.598
v 13.844 		-31.037 		24
v 13.9 		-30.927 		24
v -2.981 		-40.334 		24
v -6.084 		-41.878 		23.598
v -5.318 		-41.49 		23.598
v -2.064 		-40.557 		24
v -5.356 		-41.989 		23.598
v 14.345 		-30.675 		24
v -4.502 		-41.552 		23.598
v -2.163 		-40.554 		24
v -2.323 		-40.574 		24
v 14.365 		-30.465 		24
v -2.547 		-40.64 		24
v -2.858 		-40.761 		24
v -3.273 		-40.947 		24
v 14.373 		-30.239 		24
v 14.302 		-29.155 		24
v -6.396 		-42.529 		23.598
v 14.357 		-29.682 		24
v 14.37 		-29.983 		24
v -7.166 		-42.93 		23.598
v -18 		-26.098 		22
v -1.841 		-40.507 		24
v -1.847 		-40.525 		24
v -7.9 		-43.31 		23.598
v -1.874 		-40.539 		24
v -1.918 		-40.548 		24
v -3.815 		-41.208 		23.598
v -1.982 		-40.554 		24
v 13.933 		-30.705 		24
v 13.947 		-30.398 		24
v -14 		-29.706 		22
v 13.942 		-30.039 		24
v 13.918 		-29.657 		24
v 13.878 		-29.282 		24
v 13.824 		-28.944 		24
v 13.755 		-28.672 		24
v -1.99 		-27.883 		23.598
v -1.99 		-27.883 		24
v 11.8 		-29.706 		22
v -5.136 		-25.081 		23.598
v -5.082 		-25.219 		23.598
v -5.015 		-25.354 		23.598
v -4.705 		-25.815 		23.598
v -4.665 		-24.928 		23.598
v -4.745 		-24.608 		23.598
v -5.21 		-24.754 		23.598
v -5.178 		-24.93 		23.598
v 7.532 		-24.231 		23.598
v -1.885 		-40.462 		24
v 7.532 		-24.231 		24
v -3.937 		-25.996 		23.598
v 7.989 		-24.327 		23.598
v -3.937 		-25.996 		24
v 7.989 		-24.327 		24
v -3.48 		-26.404 		23.598
v -3.48 		-26.404 		24
v -1.853 		-40.486 		24
v 8.943 		-25.061 		24
v 8.727 		-25.007 		24
v -5.233 		-24.543 		23.598
v -5.233 		-24.543 		24
v 8.51 		-24.951 		24
v 4.186 		-24.333 		23.598
v 4.186 		-24.333 		24
v 4.825 		-24.374 		24
v 4.825 		-24.374 		23.598
v -5.25 		-24.286 		23.598
v -5.25 		-24.286 		24
v 8.297 		-24.894 		24
v -1.572 		-40.24 		24
v -1.639 		-40.26 		24
v -5.262 		-23.97 		23.598
v -5.262 		-23.97 		24
v 9.066 		-24.601 		24
v 5.423 		-24.423 		23.598
v 5.423 		-24.423 		24
v 5.985 		-24.48 		24
v -1.792 		-40.304 		24
v 5.985 		-24.48 		23.598
v -5.271 		-23.586 		23.598
v -5.271 		-23.586 		24
v 9.149 		-25.11 		24
v -4.569 		-25.181 		23.598
v -4.285 		-26.283 		23.598
v -5.27 		-23.313 		23.598
v -5.27 		-23.313 		24
v 6.509 		-24.545 		23.598
v 6.509 		-24.545 		24
v -5.267 		-23.042 		23.598
v -5.267 		-23.042 		24
v 9.767 		-25.239 		24
v 9.656 		-25.221 		24
v -4.307 		-25.584 		23.598
v -5.261 		-22.781 		23.598
v -5.261 		-22.781 		24
v 10.072 		-25.306 		24
v 4.521 		-20.74 		23.598
v 4.521 		-20.74 		24
v 9.512 		-25.192 		24
v -5.253 		-22.536 		23.598
v -5.253 		-22.536 		24
v 5.043 		-20.557 		23.598
v 5.043 		-20.557 		24
v 9.341 		-25.154 		24
v -3.779 		-26.741 		23.598
v 10.213 		-24.847 		24
v 7.8 		-26.098 		22
v -4.865 		-23.426 		24
v -10 		-26.098 		22
v -4.865 		-23.426 		23.598
v -4.847 		-23.84 		23.598
v -4.847 		-23.84 		24
v 9.912 		-24.78 		24
v -4.805 		-24.24 		23.598
v -4.805 		-24.24 		24
v -4.834 		-22.621 		24
v -4.834 		-22.621 		23.598
v -4.862 		-23.013 		23.598
v -4.862 		-23.013 		24
v 9.274 		-24.651 		24
v 9.469 		-24.695 		24
v 9.645 		-24.733 		24
v 9.794 		-24.761 		24
v 9.984 		-22.883 		22
v 10.575 		-24.962 		24
v 10.975 		-25.116 		24
v 9.449 		-23.179 		22
v 11.393 		-25.3 		24
v 8.972 		-23.547 		22
v -5.085 		-21.618 		23.598
v -5.085 		-21.618 		24
v -5.193 		-21.864 		24
v -5.193 		-21.864 		23.598
v 8.564 		-23.977 		22
v -4.855 		-21.274 		23.598
v 12.034 		-26.155 		24
v 11.659 		-25.951 		24
v 11.253 		-25.755 		24
v 10.838 		-25.574 		24
v 10.436 		-25.421 		24
v 8.236 		-24.46 		22
v -5.212 		-21.971 		23.598
v -5.212 		-21.971 		24
v -5.229 		-22.124 		23.598
v -4.528 		-20.863 		23.598
v 11.808 		-25.501 		24
v 8.236 		-27.736 		22
v -4.232 		-21.155 		23.598
v 8.564 		-28.219 		22
v -5.242 		-22.314 		23.598
v 8.972 		-28.649 		22
v 9.449 		-29.017 		22
v -4.608 		-41.133 		23.598
v -4.4 		-21.358 		23.598
v -4.524 		-21.534 		23.598
v 9.984 		-29.313 		22
v -4.683 		-21.865 		23.598
v -4.735 		-22.05 		23.598
v 10.564 		-29.529 		22
v -7.826 		-37.953 		23.598
v -4.616 		-21.698 		23.598
v 11.174 		-29.661 		22
v -8.137 		-38.13 		23.598
v -4.781 		-22.265 		23.598
v 7.996 		-24.983 		22
v -8.157 		-37.64 		23.598
v 7.849 		-25.534 		22
v -8.082 		-37.604 		23.598
v -7.205 		-37.614 		23.598
v 7.849 		-26.662 		22
v -0.292 		-23.553 		23.598
v -7.513 		-37.779 		23.598
v -0.176 		-23.655 		23.598
v 7.996 		-27.213 		22
v -0.023 		-23.747 		23.598
v -8.045 		-37.592 		23.598
v -8.028 		-37.589 		23.598
v -0.374 		-23.442 		23.598
v -7.799 		-37.431 		23.598
v -0.421 		-23.319 		23.598
v -7.834 		-37.465 		23.598
v -7.976 		-37.565 		23.598
v -0.421 		-23.053 		23.598
v -7.943 		-37.546 		23.598
v -0.17 		-23.126 		23.598
v -0.198 		-23.199 		23.598
v -7.907 		-37.523 		23.598
v -7.871 		-37.496 		23.598
v -0.199 		-23.266 		23.598
v -0.436 		-23.184 		23.598
v -0.169 		-23.322 		23.598
v -8.004 		-37.58 		23.598
v -1.858 		-40.326 		24
v -1.707 		-40.279 		24
v -7.54 		-37.253 		23.598
v -7.689 		-37.348 		23.598
v -1.905 		-40.349 		24
v -1.934 		-40.371 		24
v -1.945 		-40.392 		24
v -1.939 		-40.414 		24
v -7.354 		-37.148 		23.598
v -1.919 		-40.438 		24
v 12.196 		-25.71 		24
v -1.387 		-40.177 		24
v -1.443 		-40.199 		24
v -1.506 		-40.219 		24
v 4.939 		-21.077 		24
v 4.939 		-21.077 		23.598
v 4.375 		-21.277 		23.598
v -0.042 		-23.379 		23.598
v 4.375 		-21.277 		24
v -1.339 		-40.156 		24
v -1.299 		-40.136 		24
v 6.426 		-20.564 		23.598
v 6.426 		-20.564 		24
v 5.512 		-20.877 		23.598
v 5.512 		-20.877 		24
v -1.072 		-40.02 		24
v -1.164 		-40.062 		24
v -1.231 		-40.095 		24
v -0.12 		-23.049 		23.598
v 13.392 		-26.758 		24
v -1.272 		-40.118 		24
v 13.645 		-27.169 		24
v 13.867 		-27.626 		24
v -0.96 		-39.972 		24
v 14.052 		-28.116 		24
v -0.381 		-39.739 		24
v -0.538 		-39.799 		24
v -0.689 		-39.859 		24
v -0.831 		-39.918 		24
v -0.155 		-22.695 		23.598
v -0.286 		-22.812 		23.598
v 13.616 		-28.268 		24
v 13.48 		-27.912 		24
v 13.345 		-27.601 		24
v 13.209 		-27.329 		24
v 13.069 		-27.091 		24
v 12.921 		-26.883 		24
v -1.943 		-39.91 		24
v -1.053 		-39.544 		24
v 0.004 		-17.905 		23.598
v 0.004 		-17.905 		24
v 0.945 		-17.398 		24
v -0.373 		-22.929 		23.598
v 0.945 		-17.398 		23.598
v 2.069 		-16.813 		23.598
v 2.069 		-16.813 		24
v -6.581 		-36.768 		24
v -0.053 		-22.977 		23.598
v -6.254 		-36.622 		24
v 0.153 		-17.336 		23.598
v 0.153 		-17.336 		24
v 0.077 		-17.374 		24
v 0.077 		-17.374 		23.598
v -5.895 		-36.467 		24
v -3.734 		-20.612 		23.598
v 0.265 		-17.277 		23.598
v 0.265 		-17.277 		24
v -5.707 		-36.388 		24
v -5.491 		-36.297 		24
v -5.257 		-36.198 		24
v -4.014 		-20.911 		23.598
v 0.043 		-17.387 		23.598
v 0.043 		-17.387 		24
v -4.51 		-35.888 		24
v -4.274 		-35.789 		24
v 12.583 		-27.195 		13.103
v -4.758 		-35.991 		24
v 0.409 		-17.199 		23.598
v 0.409 		-17.199 		24
v -4.129 		-20.411 		23.598
v 0.771 		-16.995 		23.598
v 0.771 		-16.995 		24
v 0.579 		-17.103 		24
v 0.579 		-17.103 		23.598
v 12.916 		-26.896 		13.103
v -5.01 		-36.096 		24
v 13.129 		-26.518 		13.103
v -4.426 		-36.365 		24
v -5.021 		-36.614 		24
v 0.98 		-16.874 		23.598
v 0.98 		-16.874 		24
v 1.201 		-16.743 		23.598
v 1.201 		-16.743 		24
v 13.203 		-26.099 		13.103
v -3.383 		-35.936 		24
v -3.87 		-36.136 		24
v -4.057 		-35.698 		24
v -7.131 		-37.031 		23.598
v -2.059 		-18.555 		23.598
v -3.638 		-35.528 		24
v -3.436 		-35.449 		24
v -1.437 		-18.735 		23.598
v -3.247 		-35.376 		24
v -6.874 		-36.904 		23.598
v -1.992 		-19.096 		23.598
v -3.074 		-35.312 		24
v 7.954 		-20.01 		23.598
v 7.954 		-20.01 		24
v -2.472 		-19.445 		23.598
v -6.218 		-37.122 		23.598
v 7.234 		-20.278 		23.598
v 7.234 		-20.278 		24
v -6.41 		-37.21 		23.598
v -2.904 		-19.802 		23.598
v -3.847 		-35.612 		24
v -6.644 		-37.324 		23.598
v -3.316 		-20.185 		23.598
v 6.121 		-20.183 		23.598
v 6.121 		-20.183 		24
v 5.579 		-20.371 		24
v 5.579 		-20.371 		23.598
v -6.913 		-37.46 		23.598
v -2.328 		-35.533 		24
v -2.525 		-35.612 		24
v -3.685 		-19.944 		23.598
v 7.673 		-19.619 		23.598
v 7.673 		-19.619 		24
v 7.182 		-19.802 		24
v 7.182 		-19.802 		23.598
v -2.609 		-35.641 		24
v -5.628 		-36.87 		23.598
v 8.117 		-19.45 		23.598
v -3.22 		-19.492 		23.598
v 8.117 		-19.45 		24
v -2.723 		-35.677 		24
v 6.661 		-19.991 		23.598
v -2.991 		-35.78 		24
v -2.76 		-19.083 		23.598
v 6.661 		-19.991 		24
v -3.42 		-40.546 		23.598
v -3.969 		-40.815 		23.598
v -2.33 		-18.742 		23.598
v -2.926 		-35.259 		24
v -2.497 		-40.118 		23.598
v -2.667 		-40.189 		23.598
v -2.806 		-35.218 		24
v 8.85 		-24.547 		24
v 8.85 		-24.547 		23.598
v -0.082 		-17.427 		23.598
v -2.72 		-35.193 		24
v -0.312 		-17.535 		23.598
v 8.419 		-24.435 		23.598
v 8.419 		-24.435 		24
v -2.981 		-40.334 		23.598
v 8.633 		-24.492 		23.598
v 8.633 		-24.492 		24
v -2.323 		-40.574 		23.598
v -2.547 		-40.64 		23.598
v -0.977 		-17.896 		23.598
v -1.355 		-18.116 		23.598
v -2.644 		-35.172 		24
v -2.561 		-35.145 		24
v -2.472 		-35.113 		24
v -2.38 		-35.076 		24
v -2.858 		-40.761 		23.598
v -2.289 		-35.038 		24
v -0.62 		-17.697 		23.598
v -2.2 		-34.997 		24
v -2.117 		-34.957 		24
v 9.787 		-19.238 		23.598
v 9.787 		-19.238 		24
v -3.273 		-40.947 		23.598
v 8.607 		-19.753 		24
v -0.787 		-34.861 		24
v 8.607 		-19.753 		23.598
v -0.781 		-18.344 		23.598
v -1.248 		-35.066 		24
v 9.212 		-19.498 		23.598
v 9.212 		-19.498 		24
v -2.163 		-40.554 		23.598
v -1.672 		-35.252 		24
v -2.038 		-35.41 		24
v 10.177 		-18.53 		23.598
v 10.177 		-18.53 		24
v 9.996 		-18.616 		24
v 9.996 		-18.616 		23.598
v -2.064 		-40.557 		23.598
v -1.724 		-18.341 		23.598
v -2.041 		-34.917 		24
v -1.945 		-34.868 		24
v 9.802 		-18.709 		24
v 3.763 		-28.701 		23.598
v 9.802 		-18.709 		23.598
v 9.032 		-19.074 		23.598
v 9.032 		-19.074 		24
v -1.841 		-40.507 		23.598
v -1.847 		-40.525 		23.598
v 9.212 		-18.989 		23.598
v 9.212 		-18.989 		24
v -1.874 		-40.539 		23.598
v -1.918 		-40.548 		23.598
v -0.306 		-34.644 		24
v 9.404 		-18.897 		23.598
v 9.404 		-18.897 		24
v 3.361 		-32.533 		23.598
v -1.982 		-40.554 		23.598
v 3.952 		-32.275 		23.598
v 9.602 		-18.803 		24
v 9.602 		-18.803 		23.598
v -1.885 		-40.462 		23.598
v 13.129 		-25.68 		13.103
v 8.812 		-19.172 		24
v 8.812 		-19.172 		23.598
v 5.078 		-32.292 		23.598
v 4.698 		-32.465 		23.598
v 8.502 		-19.299 		24
v 8.502 		-19.299 		23.598
v 4.323 		-32.633 		23.598
v -1.853 		-40.486 		23.598
v 12.916 		-25.302 		13.103
v 5.451 		-32.119 		23.598
v 10.341 		-18.452 		24
v 10.341 		-18.452 		23.598
v 12.583 		-25.002 		13.103
v 6.136 		-31.794 		23.598
v 5.808 		-31.952 		23.598
v 10.352 		-18.965 		24
v 10.352 		-18.965 		23.598
v -1.707 		-40.279 		23.598
v -1.792 		-40.304 		23.598
v 10.926 		-18.672 		24
v 10.926 		-18.672 		23.598
v -1.858 		-40.326 		23.598
v 12.056 		-18.066 		24
v 12.056 		-18.066 		23.598
v 5.183 		-31.752 		23.598
v -1.572 		-40.24 		23.598
v -1.639 		-40.26 		23.598
v 12.078 		-17.515 		24
v 12.078 		-17.515 		23.598
v 10.861 		-18.194 		23.598
v 10.861 		-18.194 		24
v 10.48 		-18.385 		24
v 10.48 		-18.385 		23.598
v 11.676 		-17.749 		23.598
v 11.676 		-17.749 		24
v 11.265 		-17.978 		24
v 11.265 		-17.978 		23.598
v -1.939 		-40.414 		23.598
v -1.919 		-40.438 		23.598
v -1.945 		-40.392 		23.598
v 4.455 		-32.058 		23.598
v -1.934 		-40.371 		23.598
v 12.922 		-17.544 		24
v 12.922 		-17.544 		23.598
v 4.809 		-31.908 		23.598
v 13.561 		-17.054 		24
v 13.561 		-17.054 		23.598
v 4.955 		-31.852 		23.598
v -1.905 		-40.349 		23.598
v 14.008 		-16.541 		23.598
v 14.008 		-16.541 		24
v 4.987 		-31.84 		23.598
v 5.065 		-31.806 		23.598
v 13.365 		-16.629 		23.598
v 13.365 		-16.629 		24
v 13.265 		-16.721 		24
v 13.265 		-16.721 		23.598
v -1.387 		-40.177 		23.598
v -1.443 		-40.199 		23.598
v 13.063 		-16.878 		23.598
v 13.063 		-16.878 		24
v 5.724 		-31.493 		23.598
v 12.787 		-17.069 		24
v 12.787 		-17.069 		23.598
v 5.517 		-31.593 		23.598
v -1.506 		-40.219 		23.598
v 13.458 		-16.528 		23.598
v 13.458 		-16.528 		24
v 12.453 		-17.285 		24
v 12.453 		-17.285 		23.598
v -1.231 		-40.095 		23.598
v 13.545 		-16.414 		23.598
v -1.272 		-40.118 		23.598
v 13.545 		-16.414 		24
v -1.339 		-40.156 		23.598
v -1.299 		-40.136 		23.598
v 2.809 		-15.894 		23.598
v 2.809 		-15.894 		24
v 1.923 		-16.344 		24
v 1.923 		-16.344 		23.598
v 3.832 		-15.406 		23.598
v 3.832 		-15.406 		24
v 4.966 		-14.889 		23.598
v 4.966 		-14.889 		24
v 6.184 		-14.359 		23.598
v 6.184 		-14.359 		24
v 7.818 		-14.184 		23.598
v 7.818 		-14.184 		24
v 6.597 		-14.693 		23.598
v 6.597 		-14.693 		24
v 5.429 		-15.204 		23.598
v 5.429 		-15.204 		24
v 4.294 		-15.722 		23.598
v 4.294 		-15.722 		24
v 3.18 		-16.256 		23.598
v 3.18 		-16.256 		24
v 11.7 		-24.743 		13.103
v 11.236 		-24.81 		13.103
v 5.951 		-31.384 		23.598
v 7.457 		-13.825 		23.598
v 7.457 		-13.825 		24
v 5.335 		-31.679 		23.598
v 10.817 		-25.002 		13.103
v 12.765 		-26.7 		24
v 14.199 		-28.629 		24
v 10.484 		-25.302 		13.103
v 7.215 		-30.792 		23.598
v 12.537 		-25.917 		24
v 6.963 		-30.905 		23.598
v 10.271 		-25.68 		13.103
v 12.597 		-26.536 		24
v 12.354 		-26.353 		24
v 6.191 		-31.266 		23.598
v 10.198 		-26.099 		13.103
v 12.808 		-26.112 		24
v 13.111 		-26.402 		24
v 6.704 		-31.023 		23.598
v 10.271 		-26.518 		13.103
v 6.444 		-31.145 		23.598
v 0.924 		-24.043 		24
v 0.677 		-23.988 		24
v 10.484 		-26.896 		13.103
v 7.629 		-31.117 		23.598
v 0.402 		-23.913 		24
v 7.863 		-31.018 		23.598
v 1.776 		-24.164 		24
v 8.056 		-30.94 		23.598
v 10.817 		-27.195 		13.103
v 1.446 		-24.128 		24
v 1.171 		-24.088 		24
v 11.236 		-27.388 		13.103
v 0.169 		-23.833 		24
v -1.19 		-34.529 		24
v -0.943 		-34.423 		24
v 1.076 		-23.582 		24
v 1.615 		-23.65 		24
v -0.685 		-34.314 		24
v 7.363 		-31.233 		23.598
v 6.449 		-31.648 		23.598
v -0.426 		-34.206 		24
v 0.223 		-23.443 		24
v 0.604 		-23.512 		24
v -1.628 		-34.722 		24
v -1.421 		-34.63 		24
v 0.481 		-22.755 		24
v -1.805 		-34.803 		24
v 0.025 		-22.576 		24
v 7.071 		-31.364 		23.598
v 0.347 		-22.797 		24
v -1.072 		-40.02 		23.598
v 0.282 		-22.814 		24
v 6.764 		-31.503 		23.598
v 0.221 		-22.828 		24
v -1.164 		-40.062 		23.598
v 0.122 		-22.861 		24
v 5.987 		-28.956 		23.598
v 0.023 		-39.585 		24
v 1.329 		-39.042 		24
v 0.897 		-39.228 		24
v -0.96 		-39.972 		23.598
v 5.721 		-28.924 		23.598
v 0.414 		-22.777 		24
v 0.456 		-39.412 		24
v 5.503 		-28.895 		23.598
v 0.05 		-39.073 		24
v 5.345 		-28.867 		23.598
v -0.831 		-39.918 		23.598
v 0.03 		-22.912 		24
v -0.538 		-39.799 		23.598
v 4.199 		-28.741 		23.598
v -0.381 		-39.739 		23.598
v 0.545 		-22.732 		24
v 4.916 		-28.812 		23.598
v 4.588 		-28.778 		23.598
v -0.689 		-39.859 		23.598
v 0.656 		-22.682 		24
v 0.605 		-22.707 		24
v 1.734 		-38.861 		24
v 5.173 		-28.843 		23.598
v 1.245 		-38.552 		24
v -1.053 		-39.544 		23.598
v 7.451 		-30.688 		23.598
v 0.993 		-22.561 		24
v 0.944 		-22.571 		24
v -1.943 		-39.91 		23.598
v 0.893 		-22.583 		24
v 0.842 		-22.599 		24
v 2.094 		-38.693 		24
v 0.792 		-22.616 		24
v 7.666 		-30.597 		23.598
v 0.744 		-22.635 		24
v 0.699 		-22.656 		24
v 2.409 		-38.034 		24
v 8.124 		-30.417 		23.598
v 7.996 		-30.463 		23.598
v -6.581 		-36.768 		23.598
v 1.13 		-22.546 		24
v 2.391 		-38.547 		24
v -6.254 		-36.622 		23.598
v 2.807 		-38.321 		24
v 1.078 		-22.552 		24
v 2.694 		-38.379 		24
v 1.038 		-22.555 		24
v 2.605 		-38.431 		24
v 7.85 		-30.52 		23.598
v 3.413 		-38.059 		24
v 3.741 		-37.937 		24
v 3.579 		-37.996 		24
v -5.491 		-36.297 		23.598
v -5.707 		-36.388 		23.598
v 6.293 		-28.989 		23.598
v -5.257 		-36.198 		23.598
v 3.366 		-24.281 		24
v 7.717 		-29.12 		23.598
v 3.248 		-38.125 		24
v -5.895 		-36.467 		23.598
v 3.089 		-38.192 		24
v 2.941 		-38.258 		24
v 7.351 		-29.089 		23.598
v 4.056 		-37.814 		24
v 3.901 		-37.876 		24
v 2.188 		-24.2 		24
v 6.985 		-29.056 		23.598
v -5.01 		-36.096 		23.598
v 2.71 		-24.238 		24
v 3.423 		-37.572 		24
v 6.629 		-29.023 		23.598
v -4.51 		-35.888 		23.598
v 7.949 		-28.686 		23.598
v -4.274 		-35.789 		23.598
v 2.199 		-23.714 		24
v 2.804 		-23.77 		24
v 3.407 		-23.816 		24
v -4.758 		-35.991 		23.598
v 1.787 		-28.54 		23.598
v 1.288 		-28.499 		23.598
v 4.44 		-37.639 		24
v 0.553 		-22.313 		24
v 0.911 		-22.163 		24
v -4.426 		-36.365 		23.598
v 0.259 		-22.45 		24
v 4.328 		-37.694 		24
v -5.021 		-36.614 		23.598
v 4.199 		-37.753 		24
v 4.596 		-37.547 		24
v 4.531 		-37.59 		24
v -3.383 		-35.936 		23.598
v -3.87 		-36.136 		23.598
v 4.832 		-37.394 		24
v 4.74 		-37.441 		24
v 4.672 		-37.481 		24
v 4.632 		-37.512 		24
v 12.185 		-12.418 		24
v 12.185 		-12.418 		23.598
v 11.875 		-12.572 		23.598
v 11.875 		-12.572 		24
v 4.546 		-37.005 		24
v 4.602 		-36.976 		24
v 11.501 		-12.737 		23.598
v 11.501 		-12.737 		24
v 4.674 		-36.941 		24
v 4.761 		-36.903 		24
v -14 		-22.49 		22
v 10.48 		-13.139 		24
v 10.48 		-13.139 		23.598
v 11.043 		-12.922 		23.598
v -10.436 		-24.46 		22
v 11.043 		-12.922 		24
v 4.163 		-37.219 		24
v 4.51 		-37.03 		24
v -10.764 		-23.977 		22
v -11.172 		-23.547 		22
v 5.076 		-37.284 		24
v 4.945 		-37.341 		24
v -11.649 		-23.179 		22
v -12.184 		-22.883 		22
v -12.764 		-22.667 		22
v 5.737 		-37.025 		24
v -13.374 		-22.535 		22
v 6.018 		-36.896 		24
v -14.626 		-22.535 		22
v -15.236 		-22.667 		22
v 11.7 		-27.454 		13.103
v 5.534 		-37.11 		24
v 5.374 		-37.168 		24
v 5.219 		-37.226 		24
v -15.816 		-22.883 		22
v -16.351 		-23.179 		22
v 12.164 		-27.388 		13.103
v -12.184 		-29.313 		22
v 4.096 		-34.816 		24
v -11.649 		-29.017 		22
v 0.358 		-34.342 		24
v -11.172 		-28.649 		22
v 0.445 		-34.308 		24
v -10.764 		-28.219 		22
v 0.176 		-34.424 		24
v 12.164 		-24.81 		13.103
v -10.436 		-27.736 		22
v -10.196 		-27.213 		22
v 0.268 		-34.381 		24
v -10.049 		-26.662 		22
v 0.106 		-33.984 		24
v 0.366 		-33.873 		24
v 0.828 		-34.174 		24
v 0.769 		-34.195 		24
v 0.995 		-34.107 		24
v 0.733 		-34.206 		24
v 0.704 		-34.214 		24
v 0.657 		-34.228 		24
v 0.597 		-34.249 		24
v 0.526 		-34.276 		24
v 0.904 		-34.145 		24
v 1.606 		-33.826 		24
v 1.457 		-33.895 		24
v 1.333 		-33.954 		24
v 1.212 		-34.01 		24
v 1.099 		-34.061 		24
v 1.201 		-33.505 		24
v 1.324 		-33.447 		24
v 1.663 		-33.29 		24
v 0.612 		-33.767 		24
v 0.838 		-33.667 		24
v 1.036 		-33.579 		24
v 2.018 		-33.639 		24
v 1.796 		-33.739 		24
v -10.049 		-25.534 		22
v 2.156 		-33.067 		24
v -10.196 		-24.983 		22
v 3.966 		-32.791 		24
v 3.638 		-32.934 		24
v 3.351 		-33.058 		24
v -13.374 		-29.661 		22
v -12.764 		-29.529 		22
v 3.082 		-33.173 		24
v 2.806 		-33.292 		24
v 0.367 		-28.418 		23.598
v 2.531 		-33.412 		24
v 0.811 		-28.458 		23.598
v 2.267 		-33.528 		24
v 0.049 		-27.923 		23.598
v 2.742 		-32.806 		24
v -16.351 		-29.017 		22
v 0.431 		-27.96 		23.598
v -15.816 		-29.313 		22
v -15.236 		-29.529 		22
v 0.861 		-28 		23.598
v 1.326 		-28.041 		23.598
v 1.815 		-28.081 		23.598
v 5.076 		-36.783 		24
v 5.189 		-36.743 		24
v 4.859 		-36.863 		24
v 4.965 		-36.823 		24
v 3.871 		-28.246 		23.598
v 2.315 		-28.121 		23.598
v 5.425 		-36.656 		24
v 5.694 		-36.543 		24
v 6.015 		-36.396 		24
v 3.291 		-28.66 		23.598
v 2.827 		-28.158 		23.598
v 3.35 		-28.201 		23.598
v 6.365 		-36.73 		24
v 2.797 		-28.62 		23.598
v 8.151 		-35.81 		24
v 7.671 		-36.066 		24
v 2.293 		-28.58 		23.598
v 6.765 		-36.532 		24
v 7.205 		-36.308 		24
v 7.892 		-24.793 		23.598
v 7.461 		-24.7 		23.598
v 7 		-24.618 		23.598
v 6.406 		-36.203 		24
v 6.886 		-35.957 		24
v 7.067 		-28.599 		23.598
v 7.472 		-35.649 		24
v 6.758 		-28.564 		23.598
v 8.186 		-35.267 		24
v 6.456 		-28.53 		23.598
v 5.913 		-28.465 		23.598
v 5.628 		-28.428 		23.598
v 5.267 		-28.385 		23.598
v 4.843 		-28.34 		23.598
v 4.373 		-28.293 		23.598
v 6.171 		-28.497 		23.598
v 9.096 		-35.293 		24
v 8.631 		-35.548 		24
v 9.533 		-35.055 		24
v 9.932 		-34.838 		24
v 7.375 		-28.631 		23.598
v 7.672 		-28.661 		23.598
v 9.043 		-34.802 		24
v 9.738 		-34.439 		24
v 10.085 		-34.262 		24
v 8.197 		-30.888 		23.598
v 8.321 		-30.842 		23.598
v 8.456 		-30.783 		23.598
v 9.388 		-34.621 		24
v 14.602 		-20.48 		24
v 8.6 		-30.714 		23.598
v 8.747 		-30.638 		23.598
v 8.893 		-30.556 		23.598
v 9.035 		-30.471 		23.598
v 9.168 		-30.385 		23.598
v 11.881 		-33.969 		24
v 8.516 		-30.248 		23.598
v -14.626 		-29.661 		22
v 11.5 		-34.145 		24
v 8.388 		-30.307 		23.598
v 8.256 		-30.364 		23.598
v 11.197 		-34.258 		24
v -16.828 		-23.547 		22
v -17.236 		-23.977 		22
v 11.015 		-34.286 		24
v 10.952 		-34.308 		24
v 10.802 		-34.38 		24
v 10.575 		-34.495 		24
v 10.283 		-34.65 		24
v -17.564 		-24.46 		22
v 8.635 		-30.187 		23.598
v 10.418 		-34.096 		24
v -17.804 		-24.983 		22
v 10.73 		-33.946 		24
v 11.008 		-33.814 		24
v 8.743 		-30.127 		23.598
v -17.951 		-25.534 		22
v 8.836 		-30.069 		23.598
v 11.243 		-33.708 		24
v 11.427 		-33.632 		24
v 11.943 		-33.418 		24
v -17.951 		-26.662 		22
v -17.804 		-27.213 		22
v 9.174 		-29.853 		23.598
v 9.111 		-29.887 		23.598
v 9.045 		-29.926 		23.598
v 8.977 		-29.969 		23.598
v -17.564 		-27.736 		22
v 8.91 		-30.015 		23.598
v -4.057 		-35.698 		23.598
v 9.289 		-30.302 		23.598
v 12.301 		-33.754 		24
v 12.72 		-33.519 		24
v -3.436 		-35.449 		23.598
v 13.606 		-32.837 		24
v -3.638 		-35.528 		23.598
v 9.402 		-29.765 		23.598
v 13.554 		-32.92 		24
v -3.247 		-35.376 		23.598
v 9.439 		-30.183 		23.598
v 9.558 		-30.079 		23.598
v 9.65 		-29.987 		23.598
v 13.095 		-33.287 		24
v 9.717 		-29.9 		23.598
v 9.764 		-29.813 		23.598
v 9.792 		-29.721 		23.598
v 13.387 		-33.08 		24
v -3.074 		-35.312 		23.598
v 9.355 		-29.785 		23.598
v 9.324 		-29.791 		23.598
v 9.283 		-29.804 		23.598
v 9.232 		-29.824 		23.598
v -17.236 		-28.219 		22
v -3.847 		-35.612 		23.598
v 12.375 		-33.205 		24
v 12.732 		-32.983 		24
v -16.828 		-28.649 		22
v 9.38 		-29.78 		23.598
v -2.328 		-35.533 		23.598
v 9.424 		-29.741 		23.598
v 22.5 		-48 		22
v -2.525 		-35.612 		23.598
v -24.5 		-6 		22
v 9.441 		-29.71 		23.598
v -2.609 		-35.641 		23.598
v -24.5 		-48 		22
v -18.095 		-45.284 		23.598
v -2.723 		-35.677 		23.598
v -17.415 		-45.471 		23.598
v -17.63 		-45.456 		23.598
v 8.721 		-29.204 		23.598
v -2.991 		-35.78 		23.598
v 9.033 		-29.237 		23.598
v -17.865 		-45.389 		23.598
v 9.008 		-28.79 		23.598
v 8.646 		-28.743 		23.598
v 8.197 		-28.706 		23.598
v 8.289 		-29.165 		23.598
v -2.926 		-35.259 		23.598
v -2.806 		-35.218 		23.598
v -17.45 		-45.296 		23.598
v -17.508 		-45.29 		23.598
v -2.72 		-35.193 		23.598
v -17.602 		-45.216 		23.598
v -17.557 		-45.262 		23.598
v -2.644 		-35.172 		23.598
v 9.808 		-29.617 		23.598
v 9.812 		-29.498 		23.598
v 9.797 		-29.307 		23.598
v 9.467 		-29.625 		23.598
v 9.456 		-29.671 		23.598
v -2.561 		-35.145 		23.598
v -17.69 		-45.127 		23.598
v 9.475 		-29.576 		23.598
v -18.295 		-45.156 		23.598
v -5.21 		-24.754 		24
v -2.472 		-35.113 		23.598
v 9.478 		-29.522 		23.598
v -5.015 		-25.354 		24
v -5.082 		-25.219 		24
v -2.38 		-35.076 		23.598
v 9.472 		-29.434 		23.598
v -5.136 		-25.081 		24
v -2.289 		-35.038 		23.598
v -4.705 		-25.815 		24
v -2.2 		-34.997 		23.598
v 9.445 		-29.367 		23.598
v -2.117 		-34.957 		23.598
v -4.285 		-26.283 		24
v 9.376 		-29.315 		23.598
v -17.189 		-45.385 		23.598
v -17.246 		-45.422 		23.598
v 9.245 		-29.273 		23.598
v -0.787 		-34.861 		23.598
v -4.745 		-24.608 		24
v -4.665 		-24.928 		24
v -4.569 		-25.181 		24
v -4.307 		-25.584 		24
v -1.248 		-35.066 		23.598
v -5.178 		-24.93 		24
v -1.672 		-35.252 		23.598
v -2.038 		-35.41 		23.598
v 9.746 		-29.15 		23.598
v 9.651 		-29.025 		23.598
v 9.501 		-28.926 		23.598
v 9.29 		-28.849 		23.598
v -3.779 		-26.741 		24
v -2.041 		-34.917 		23.598
v 13.667 		-32.72 		23.598
v 13.734 		-32.576 		23.598
v 13.807 		-32.41 		23.598
v 13.882 		-32.227 		23.598
v -1.945 		-34.868 		23.598
v 13.957 		-32.033 		23.598
v 13.021 		-32.746 		23.598
v 13.251 		-32.487 		23.598
v 14.031 		-31.833 		23.598
v 13.427 		-32.199 		23.598
v -0.306 		-34.644 		23.598
v 13.559 		-31.875 		23.598
v -0.943 		-34.423 		23.598
v -1.19 		-34.529 		23.598
v -0.426 		-34.206 		23.598
v 13.844 		-31.037 		23.598
v -0.685 		-34.314 		23.598
v 13.822 		-31.058 		23.598
v 13.797 		-31.094 		23.598
v 13.771 		-31.144 		23.598
v 13.745 		-31.204 		23.598
v 13.72 		-31.272 		23.598
v 13.695 		-31.347 		23.598
v 13.673 		-31.426 		23.598
v 13.655 		-31.507 		23.598
v 14.1 		-31.634 		23.598
v 14.19 		-31.348 		23.598
v 14.26 		-31.103 		23.598
v 14.311 		-30.883 		23.598
v -1.421 		-34.63 		23.598
v -1.628 		-34.722 		23.598
v 13.9 		-30.927 		23.598
v -1.805 		-34.803 		23.598
v 0.023 		-39.585 		23.598
v 1.329 		-39.042 		23.598
v 0.897 		-39.228 		23.598
v 14.345 		-30.675 		23.598
v 0.456 		-39.412 		23.598
v 14.365 		-30.465 		23.598
v 14.373 		-30.239 		23.598
v 14.37 		-29.983 		23.598
v 14.357 		-29.682 		23.598
v 14.302 		-29.155 		23.598
v 13.878 		-29.282 		23.598
v 13.918 		-29.657 		23.598
v 0.05 		-39.073 		23.598
v 13.942 		-30.039 		23.598
v 13.824 		-28.944 		23.598
v 13.947 		-30.398 		23.598
v 13.933 		-30.705 		23.598
v 1.734 		-38.861 		23.598
v 1.245 		-38.552 		23.598
v 13.755 		-28.672 		23.598
v 8.297 		-24.894 		23.598
v 8.51 		-24.951 		23.598
v 8.727 		-25.007 		23.598
v 8.943 		-25.061 		23.598
v 9.149 		-25.11 		23.598
v 2.094 		-38.693 		23.598
v 9.066 		-24.601 		23.598
v 2.409 		-38.034 		23.598
v -17.176 		-45.163 		23.598
v 2.391 		-38.547 		23.598
v -17.29 		-45.235 		23.598
v -17.379 		-45.278 		23.598
v 2.694 		-38.379 		23.598
v 2.605 		-38.431 		23.598
v 10.213 		-24.847 		23.598
v 9.912 		-24.78 		23.598
v 9.794 		-24.761 		23.598
v 9.767 		-25.239 		23.598
v 10.072 		-25.306 		23.598
v 2.807 		-38.321 		23.598
v 9.512 		-25.192 		23.598
v 9.656 		-25.221 		23.598
v -17.043 		-45.362 		23.598
v 9.341 		-25.154 		23.598
v -17.037 		-45.388 		23.598
v 3.579 		-37.996 		23.598
v 3.413 		-38.059 		23.598
v -17.032 		-45.456 		23.598
v -17.028 		-45.481 		23.598
v 3.741 		-37.937 		23.598
v 9.645 		-24.733 		23.598
v 9.469 		-24.695 		23.598
v -17.034 		-45.422 		23.598
v -17.142 		-45.359 		23.598
v -17.105 		-45.344 		23.598
v 9.274 		-24.651 		23.598
v 3.248 		-38.125 		23.598
v 3.089 		-38.192 		23.598
v 2.941 		-38.258 		23.598
v 12.196 		-25.71 		23.598
v 11.808 		-25.501 		23.598
v 11.393 		-25.3 		23.598
v 10.975 		-25.116 		23.598
v 10.575 		-24.962 		23.598
v 12.034 		-26.155 		23.598
v -17.077 		-45.34 		23.598
v 4.056 		-37.814 		23.598
v 3.901 		-37.876 		23.598
v 11.659 		-25.951 		23.598
v -17.057 		-45.346 		23.598
v 3.423 		-37.572 		23.598
v 11.253 		-25.755 		23.598
v 10.838 		-25.574 		23.598
v -17.021 		-45.496 		23.598
v 10.436 		-25.421 		23.598
v -16.916 		-45.414 		23.598
v 4.44 		-37.639 		23.598
v 4.328 		-37.694 		23.598
v -16.998 		-45.5 		23.598
v -17.011 		-45.503 		23.598
v 4.199 		-37.753 		23.598
v 14.199 		-28.629 		23.598
v 14.052 		-28.116 		23.598
v 13.867 		-27.626 		23.598
v 13.645 		-27.169 		23.598
v 13.392 		-26.758 		23.598
v 4.596 		-37.547 		23.598
v 4.531 		-37.59 		23.598
v 13.616 		-28.268 		23.598
v 9.107 		-13.668 		24
v 13.48 		-27.912 		23.598
v 8.761 		-13.299 		24
v 12.921 		-26.883 		23.598
v -16.945 		-45.445 		23.598
v 13.069 		-27.091 		23.598
v -16.965 		-45.471 		23.598
v 13.345 		-27.601 		23.598
v -16.983 		-45.489 		23.598
v 13.209 		-27.329 		23.598
v 12.765 		-26.7 		23.598
v 13.111 		-26.402 		23.598
v 12.808 		-26.112 		23.598
v 12.537 		-25.917 		23.598
v 12.597 		-26.536 		23.598
v 12.354 		-26.353 		23.598
v -17.033 		-45.062 		23.598
v 0.169 		-23.833 		23.598
v 0.402 		-23.913 		23.598
v 0.677 		-23.988 		23.598
v 0.924 		-24.043 		23.598
v 1.171 		-24.088 		23.598
v 1.446 		-24.128 		23.598
v 1.776 		-24.164 		23.598
v 1.076 		-23.582 		23.598
v 1.615 		-23.65 		23.598
v 0.604 		-23.512 		23.598
v 0.223 		-23.443 		23.598
v 0.221 		-22.828 		23.598
v 0.282 		-22.814 		23.598
v 0.347 		-22.797 		23.598
v 0.414 		-22.777 		23.598
v 0.481 		-22.755 		23.598
v 0.025 		-22.576 		23.598
v 0.122 		-22.861 		23.598
v 0.03 		-22.912 		23.598
v 0.545 		-22.732 		23.598
v 0.605 		-22.707 		23.598
v 0.656 		-22.682 		23.598
v 0.699 		-22.656 		23.598
v 0.792 		-22.616 		23.598
v 0.842 		-22.599 		23.598
v 0.944 		-22.571 		23.598
v 0.993 		-22.561 		23.598
v 0.893 		-22.583 		23.598
v 0.744 		-22.635 		23.598
v 1.038 		-22.555 		23.598
v 1.078 		-22.552 		23.598
v 1.13 		-22.546 		23.598
v 2.188 		-24.2 		23.598
v 2.71 		-24.238 		23.598
v 3.366 		-24.281 		23.598
v 3.407 		-23.816 		23.598
v 2.804 		-23.77 		23.598
v 2.199 		-23.714 		23.598
v 12.11 		-11.928 		24
v 12.11 		-11.928 		23.598
v 9.107 		-13.668 		23.598
v 8.761 		-13.299 		23.598
v 10.068 		-12.794 		23.598
v 10.068 		-12.794 		24
v 10.727 		-12.542 		23.598
v 10.727 		-12.542 		24
v 11.281 		-12.317 		23.598
v 11.281 		-12.317 		24
v 11.738 		-12.113 		23.598
v 11.738 		-12.113 		24
v 14.3 		-15.953 		24
v 14.3 		-15.953 		23.598
v 14.473 		-15.235 		24
v 14.473 		-15.235 		23.598
v 14.096 		-14.98 		23.598
v 14.096 		-14.98 		24
v 14.053 		-15.19 		24
v 14.053 		-15.19 		23.598
v 14.122 		-14.749 		23.598
v 14.122 		-14.749 		24
v 13.625 		-16.288 		23.598
v 13.625 		-16.288 		24
v 13.702 		-16.149 		23.598
v 13.702 		-16.149 		24
v 13.992 		-15.403 		23.598
v 13.992 		-15.403 		24
v 13.911 		-15.641 		24
v 13.911 		-15.641 		23.598
v 14.134 		-14.477 		23.598
v 14.134 		-14.477 		24
v -16.497 		-45.155 		23.598
v 13.844 		-15.827 		23.598
v 13.844 		-15.827 		24
v 13.774 		-15.996 		24
v 13.774 		-15.996 		23.598
v -16.608 		-45.215 		23.598
v -16.795 		-45.326 		23.598
v -16.865 		-45.374 		23.598
v 14.07 		-12.498 		23.598
v 14.07 		-12.498 		24
v 14.1 		-13.185 		24
v 14.1 		-13.185 		23.598
v -16.708 		-45.273 		23.598
v 14.121 		-13.717 		24
v 14.121 		-13.717 		23.598
v -18.439 		-45.018 		23.598
v 14.133 		-14.14 		23.598
v 14.133 		-14.14 		24
v -18.46 		-44.768 		23.598
v -18.503 		-44.884 		23.598
v 14.589 		-13.063 		24
v -18.46 		-44.302 		23.598
v 14.589 		-13.063 		23.598
v -18.467 		-44.372 		23.598
v 14.598 		-13.105 		23.598
v 14.598 		-13.105 		24
v -18.449 		-44.403 		23.598
v 14.602 		-13.15 		23.598
v 14.602 		-13.15 		24
v -18.438 		-44.194 		23.598
v 14.56 		-14.334 		24
v 14.56 		-14.334 		23.598
v 14.602 		-13.196 		24
v 14.602 		-13.196 		23.598
v 14.575 		-13.025 		23.598
v 14.575 		-13.025 		24
v -18.021 		-44.066 		23.598
v -18.194 		-44.226 		23.598
v -18.403 		-44.392 		23.598
v 14.44 		-12.882 		24
v 14.44 		-12.882 		23.598
v -18.41 		-44.108 		23.598
v 14.49 		-12.932 		23.598
v 14.49 		-12.932 		24
v 14.385 		-12.646 		24
v 14.385 		-12.646 		23.598
v 14.404 		-12.782 		23.598
v 14.404 		-12.782 		24
v 14.538 		-12.965 		23.598
v 14.538 		-12.965 		24
v 14.515 		-12.945 		24
v -18.32 		-44.334 		23.598
v 14.515 		-12.945 		23.598
v 14.558 		-12.992 		24
v 14.558 		-12.992 		23.598
v 14.391 		-12.318 		23.598
v 14.391 		-12.318 		24
v -18.405 		-44.751 		23.598
v 14.381 		-12.487 		23.598
v 14.381 		-12.487 		24
v -17.934 		-44.949 		23.598
v -18.069 		-44.871 		23.598
v -17.804 		-45.036 		23.598
v 12.692 		-12.096 		23.598
v 12.692 		-12.096 		24
v 12.45 		-12.263 		24
v -18.2 		-44.809 		23.598
v 12.45 		-12.263 		23.598
v -18.315 		-44.767 		23.598
v 13.187 		-11.681 		23.598
v 13.187 		-11.681 		24
v -16.509 		-44.672 		23.598
v 12.931 		-11.905 		24
v 12.931 		-11.905 		23.598
v -16.856 		-44.929 		23.598
v 12.624 		-11.59 		23.598
v 12.624 		-11.59 		24
v 12.402 		-11.755 		24
v 12.402 		-11.755 		23.598
v -16.67 		-44.785 		23.598
v 12.897 		-11.267 		24
v 12.897 		-11.267 		23.598
v -18.361 		-44.008 		23.598
v 12.786 		-11.429 		23.598
v 12.786 		-11.429 		24
v -18.292 		-43.897 		23.598
v -18.204 		-43.775 		23.598
v 13.232 		-10.964 		23.598
v 13.232 		-10.964 		24
v 13.175 		-10.991 		24
v 13.175 		-10.991 		23.598
v -18.1 		-43.643 		23.598
v 13.287 		-10.946 		24
v 13.287 		-10.946 		23.598
v -17.98 		-43.506 		23.598
v 12.927 		-11.216 		23.598
v 12.927 		-11.216 		24
v -17.848 		-43.363 		23.598
v 12.966 		-11.164 		23.598
v 12.966 		-11.164 		24
v -17.702 		-43.218 		23.598
v 13.118 		-11.026 		24
v 13.118 		-11.026 		23.598
v -17.294 		-43.39 		23.598
v -17.792 		-43.849 		23.598
v 13.063 		-11.068 		24
v 13.063 		-11.068 		23.598
v 13.012 		-11.114 		23.598
v 13.012 		-11.114 		24
v -17.37 		-42.903 		23.598
v 14.019 		-10.864 		23.598
v 14.019 		-10.864 		24
v 13.875 		-10.844 		24
v 13.875 		-10.844 		23.598
v -17.062 		-42.616 		23.598
v 13.708 		-10.85 		24
v 13.708 		-10.85 		23.598
v -16.782 		-42.362 		23.598
v 13.513 		-10.885 		24
v 13.513 		-10.885 		23.598
v -16.535 		-42.144 		23.598
v 13.638 		-11.335 		24
v 13.638 		-11.335 		23.598
v 13.44 		-11.463 		23.598
v -16.766 		-42.935 		23.598
v -16.378 		-45.093 		23.598
v -16.359 		-44.584 		23.598
v -15.869 		-44.423 		23.598
v -16.05 		-44.464 		23.598
v -15.397 		-44.355 		23.598
v -15.655 		-44.388 		23.598
v -16.21 		-44.516 		23.598
v -15.874 		-44.864 		23.598
v -16.053 		-44.936 		23.598
v 13.44 		-11.463 		24
v -16.254 		-45.032 		23.598
v -15.492 		-44.779 		23.598
v 14.252 		-10.996 		24
v 14.252 		-10.996 		23.598
v -15.696 		-44.813 		23.598
v 13.899 		-11.399 		24
v -14.594 		-44.304 		23.598
v -14.913 		-44.318 		23.598
v -14.505 		-44.757 		23.598
v -14.921 		-44.754 		23.598
v -15.243 		-44.761 		23.598
v -15.184 		-44.335 		23.598
v -13.971 		-44.768 		23.598
v -12.679 		-44.285 		23.598
v -13.066 		-44.786 		23.598
v -14.238 		-44.294 		23.598
v -13.858 		-44.287 		23.598
v -12.362 		-44.798 		23.598
v -13.067 		-44.282 		23.598
v -13.464 		-44.283 		23.598
v -15.689 		-42.09 		23.598
v -16.224 		-42.497 		23.598
v 14.031 		-11.981 		24
v 13.977 		-11.619 		24
v 13.788 		-11.309 		24
v 14.144 		-10.915 		24
v 14.435 		-11.256 		24
v 14.49 		-11.371 		24
v 14.348 		-11.11 		24
v 13.899 		-11.399 		23.598
v 13.788 		-11.309 		23.598
v 14.031 		-11.981 		23.598
v 14.578 		-11.628 		24
v 14.581 		-11.695 		24
v 13.977 		-11.619 		23.598
v 14.57 		-11.758 		24
v 14.144 		-10.915 		23.598
v 14.548 		-11.821 		24
v 14.512 		-11.887 		24
v 14.435 		-11.256 		23.598
v 14.49 		-11.371 		23.598
v 14.348 		-11.11 		23.598
v 14.417 		-12.154 		24
v 14.417 		-12.154 		23.598
v 14.457 		-12.005 		24
v 14.457 		-12.005 		23.598
v 14.578 		-11.628 		23.598
v 14.581 		-11.695 		23.598
v 14.57 		-11.758 		23.598
v 0.911 		-22.163 		23.598
v 0.259 		-22.45 		23.598
v 0.553 		-22.313 		23.598
v 14.562 		-11.554 		24
v 14.533 		-11.47 		24
v -21.203 		-6 		20.503
v -24.003 		-6 		6.003
v -21.203 		-6 		6.003
v -24.5 		-6 		4
v -24.003 		-6 		4
v -24.5 		-48 		4.2279
v -24.5 		-47.4499 		4
v 19.203 		-6 		6.003
v 22.003 		-6 		6.003
v 22.003 		-6 		4
v 22.5 		-6 		4
v 12.426 		-22.535 		6.1
v 13.036 		-22.667 		6.1
v 13.616 		-22.883 		6.1
v 14.151 		-23.179 		6.1
v 14.628 		-23.547 		6.1
v 15.036 		-23.977 		6.1
v 15.364 		-24.46 		6.1
v 12.583 		-27.195 		6.1
v 14.512 		-11.887 		23.598
v 14.548 		-11.821 		23.598
v 12.916 		-26.896 		6.1
v 13.129 		-26.518 		6.1
v 14.562 		-11.554 		23.598
v 13.203 		-26.099 		6.1
v 13.129 		-25.68 		6.1
v 14.533 		-11.47 		23.598
v 12.916 		-25.302 		6.1
v 12.583 		-25.002 		6.1
v 15.604 		-24.983 		6.1
v 15.751 		-25.534 		6.1
v 15.8 		-26.098 		6.1
v 15.751 		-26.662 		6.1
v 15.604 		-27.213 		6.1
v 15.364 		-27.736 		6.1
v 15.036 		-28.219 		6.1
v 14.628 		-28.649 		6.1
v 14.151 		-29.017 		6.1
v 13.616 		-29.313 		6.1
v 13.036 		-29.529 		6.1
v 12.426 		-29.661 		6.1
v 8.236 		-24.46 		6.1
v 8.564 		-23.977 		6.1
v 8.972 		-23.547 		6.1
v 9.449 		-23.179 		6.1
v 9.984 		-22.883 		6.1
v 10.564 		-22.667 		6.1
v 11.174 		-22.535 		6.1
v 11.8 		-22.49 		6.1
v 11.7 		-24.743 		6.1
v 11.236 		-24.81 		6.1
v 10.817 		-25.002 		6.1
v 10.484 		-25.302 		6.1
v 10.271 		-25.68 		6.1
v 10.198 		-26.099 		6.1
v 10.271 		-26.518 		6.1
v 10.484 		-26.896 		6.1
v 10.817 		-27.195 		6.1
v 11.236 		-27.388 		6.1
v 11.7 		-27.454 		6.1
v 12.164 		-27.388 		6.1
v 12.164 		-24.81 		6.1
v 11.8 		-29.706 		6.1
v 11.174 		-29.661 		6.1
v 10.564 		-29.529 		6.1
v 9.984 		-29.313 		6.1
v 9.449 		-29.017 		6.1
v 8.972 		-28.649 		6.1
v 8.564 		-28.219 		6.1
v 8.236 		-27.736 		6.1
v 7.996 		-27.213 		6.1
v 7.849 		-26.662 		6.1
v 7.8 		-26.098 		6.1
v 7.849 		-25.534 		6.1
v 7.996 		-24.983 		6.1
v -21.203 		-48 		20.503
v 19.203 		-48 		20.503
v 22.003 		-48 		6.003
v 19.203 		-48 		6.003
v 22.5 		-48 		4.2279
v 22.003 		-48 		4.2279
v -21.203 		-48 		6.003
v -24.003 		-48 		6.003
v -24.003 		-48 		4.2279
v 22.5 		-47.4499 		4
v -14.464 		-24.81 		13.103
v -14.883 		-25.002 		13.103
v -15.216 		-25.302 		13.103
v -15.429 		-25.68 		13.103
v -15.503 		-26.099 		13.103
v -15.429 		-26.518 		13.103
v -15.216 		-26.896 		13.103
v -14.883 		-27.195 		13.103
v -14.464 		-27.388 		13.103
v -14 		-24.743 		13.103
v -14 		-27.454 		13.103
v -13.536 		-27.388 		13.103
v -13.117 		-27.195 		13.103
v -12.784 		-26.896 		13.103
v -12.571 		-26.518 		13.103
v -12.498 		-26.099 		13.103
v -12.571 		-25.68 		13.103
v -12.784 		-25.302 		13.103
v -13.117 		-25.002 		13.103
v -13.536 		-24.81 		13.103
# 2202 vertices

g group_0_15277357

usemtl color_15277357
s 0

f 3 	48 	891
f 2 	5 	1
f 6 	8 	5
f 48 	5 	8
f 861 	20 	48
f 55 	23 	15
f 7 	48 	20
f 11 	12 	65
f 102 	65 	12
f 13 	102 	12
f 14 	102 	13
f 16 	212 	14
f 18 	212 	16
f 19 	211 	18
f 21 	211 	19
f 22 	207 	21
f 24 	207 	22
f 25 	56 	27
f 17 	26 	15
f 35 	36 	38
f 35 	38 	40
f 49 	1 	48
f 44 	45 	85
f 45 	876 	85
f 43 	44 	85
f 42 	43 	85
f 99 	85 	876
f 4 	48 	3
f 130 	48 	4
f 26 	1 	49
f 1 	5 	48
f 53 	81 	816
f 55 	15 	49
f 26 	49 	15
f 31 	201 	30
f 32 	201 	31
f 33 	197 	32
f 201 	204 	30
f 34 	197 	33
f 57 	195 	34
f 58 	195 	57
f 59 	193 	58
f 60 	193 	59
f 61 	63 	75
f 64 	75 	63
f 76 	75 	68
f 67 	68 	64
f 69 	76 	68
f 70 	71 	63
f 70 	63 	61
f 73 	74 	70
f 73 	70 	61
f 64 	68 	75
f 76 	78 	75
f 75 	78 	49
f 55 	49 	78
f 77 	263 	72
f 8 	80 	48
f 48 	80 	61
f 80 	73 	61
f 82 	258 	79
f 1689 	813 	81
f 813 	816 	81
f 245 	246 	90
f 246 	252 	90
f 87 	106 	61
f 91 	87 	61
f 95 	96 	98
f 97 	98 	96
f 94 	95 	98
f 93 	94 	98
f 92 	245 	90
f 89 	61 	88
f 39 	41 	85
f 125 	37 	85
f 37 	39 	85
f 1686 	1687 	83
f 52 	54 	25
f 51 	52 	25
f 56 	25 	54
f 109 	47 	56
f 25 	104 	51
f 105 	431 	104
f 144 	145 	1404
f 50 	51 	104
f 101 	121 	100
f 110 	111 	101
f 121 	101 	111
f 103 	100 	122
f 107 	124 	112
f 108 	147 	107
f 124 	125 	112
f 85 	112 	125
f 116 	428 	115
f 120 	428 	116
f 118 	434 	117
f 117 	435 	120
f 115 	430 	105
f 122 	100 	121
f 41 	42 	85
f 876 	879 	99
f 181 	144 	1401
f 127 	141 	152
f 130 	153 	48
f 158 	48 	156
f 140 	113 	134
f 135 	136 	138
f 138 	139 	135
f 137 	138 	136
f 139 	140 	135
f 134 	135 	140
f 129 	134 	113
f 113 	114 	129
f 142 	168 	152
f 161 	368 	168
f 126 	127 	152
f 1714 	131 	148
f 149 	107 	147
f 147 	108 	146
f 124 	107 	149
f 108 	1310 	146
f 132 	126 	148
f 152 	148 	126
f 157 	75 	155
f 159 	75 	157
f 154 	155 	75
f 156 	48 	153
f 75 	159 	150
f 61 	75 	151
f 164 	165 	368
f 163 	164 	368
f 372 	368 	165
f 166 	372 	165
f 133 	48 	160
f 143 	128 	114
f 128 	129 	114
f 368 	152 	168
f 141 	142 	152
f 75 	174 	175
f 75 	175 	176
f 75 	176 	177
f 75 	177 	178
f 154 	75 	178
f 169 	48 	167
f 238 	372 	166
f 145 	146 	1310
f 179 	367 	183
f 184 	48 	133
f 158 	160 	48
f 48 	184 	171
f 48 	171 	172
f 48 	172 	173
f 173 	167 	48
f 187 	61 	189
f 61 	182 	189
f 182 	215 	189
f 191 	203 	61
f 188 	191 	61
f 264 	303 	259
f 197 	34 	195
f 202 	441 	196
f 194 	196 	441
f 194 	443 	1505
f 122 	123 	198
f 207 	24 	204
f 24 	29 	204
f 211 	21 	207
f 249 	61 	203
f 1454 	1535 	208
f 102 	14 	212
f 212 	18 	211
f 1535 	1536 	205
f 205 	206 	1535
f 206 	208 	1535
f 1521 	1535 	1454
f 65 	72 	10
f 9 	10 	72
f 10 	11 	65
f 218 	103 	198
f 220 	290 	219
f 196 	219 	202
f 122 	198 	103
f 201 	32 	197
f 29 	30 	204
f 224 	290 	223
f 221 	200 	215
f 200 	189 	215
f 225 	290 	224
f 223 	290 	220
f 226 	288 	225
f 229 	92 	228
f 92 	190 	228
f 227 	228 	190
f 192 	234 	190
f 193 	60 	192
f 195 	58 	193
f 60 	232 	192
f 234 	192 	232
f 227 	190 	234
f 231 	288 	230
f 233 	288 	231
f 199 	216 	198
f 209 	222 	199
f 200 	221 	209
f 222 	209 	221
f 216 	199 	222
f 216 	217 	198
f 217 	218 	198
f 279 	236 	309
f 235 	288 	226
f 230 	288 	235
f 247 	237 	233
f 237 	288 	233
f 239 	377 	238
f 183 	244 	185
f 279 	280 	242
f 79 	261 	77
f 252 	253 	86
f 86 	90 	252
f 229 	245 	92
f 253 	254 	86
f 84 	86 	254
f 170 	241 	280
f 123 	170 	198
f 280 	198 	170
f 241 	242 	280
f 279 	242 	236
f 292 	295 	308
f 308 	312 	292
f 251 	61 	249
f 240 	243 	312
f 250 	237 	247
f 250 	248 	237
f 257 	82 	256
f 258 	82 	257
f 260 	79 	258
f 82 	84 	256
f 261 	79 	260
f 255 	256 	84
f 254 	255 	84
f 263 	77 	262
f 9 	72 	263
f 262 	77 	261
f 267 	303 	265
f 259 	303 	251
f 276 	303 	267
f 2105 	2106 	266
f 274 	275 	1540
f 1538 	1540 	213
f 213 	214 	1538
f 214 	210 	1538
f 1536 	1538 	210
f 265 	303 	264
f 282 	303 	276
f 17 	2105 	26
f 266 	26 	2105
f 278 	237 	277
f 266 	1 	26
f 281 	237 	278
f 284 	303 	282
f 281 	285 	237
f 285 	286 	237
f 286 	287 	237
f 288 	237 	287
f 290 	225 	288
f 202 	219 	290
f 293 	303 	291
f 295 	301 	308
f 291 	303 	284
f 402 	303 	293
f 408 	303 	405
f 405 	303 	402
f 61 	251 	303
f 306 	308 	301
f 330 	331 	75
f 174 	75 	307
f 72 	2183 	2184
f 347 	399 	315
f 72 	2184 	2185
f 319 	300 	309
f 310 	300 	319
f 316 	304 	237
f 277 	237 	304
f 312 	316 	237
f 237 	248 	312
f 248 	240 	312
f 243 	292 	312
f 306 	301 	297
f 297 	298 	306
f 570 	571 	306
f 314 	400 	311
f 315 	400 	314
f 311 	300 	310
f 329 	75 	328
f 307 	75 	331
f 330 	75 	329
f 339 	1289 	338
f 1289 	1292 	338
f 337 	338 	1292
f 1292 	1293 	337
f 324 	1491 	322
f 342 	1484 	324
f 345 	327 	75
f 327 	328 	75
f 344 	345 	75
f 343 	344 	75
f 322 	1505 	443
f 1491 	1505 	322
f 325 	1483 	342
f 2190 	2191 	92
f 459 	460 	370
f 300 	311 	400
f 46 	350 	351
f 46 	351 	352
f 370 	373 	459
f 279 	309 	300
f 354 	1388 	353
f 355 	356 	350
f 355 	350 	46
f 357 	343 	75
f 359 	361 	362
f 359 	362 	363
f 185 	377 	239
f 381 	360 	365
f 363 	362 	356
f 363 	356 	355
f 244 	183 	367
f 161 	162 	368
f 162 	163 	368
f 373 	384 	475
f 366 	357 	75
f 372 	238 	377
f 374 	375 	369
f 371 	369 	375
f 377 	185 	244
f 360 	396 	388
f 388 	365 	360
f 75 	376 	366
f 381 	365 	179
f 382 	383 	380
f 382 	380 	379
f 474 	475 	384
f 375 	374 	385
f 375 	385 	386
f 475 	459 	373
f 378 	474 	384
f 364 	590 	378
f 386 	385 	383
f 386 	383 	382
f 2196 	195 	2195
f 367 	179 	365
f 387 	389 	390
f 391 	1157 	390
f 392 	1157 	391
f 393 	394 	395
f 393 	395 	397
f 387 	388 	398
f 195 	2196 	2197
f 389 	387 	401
f 398 	401 	387
f 397 	395 	361
f 397 	361 	359
f 396 	398 	388
f 404 	403 	406
f 404 	406 	407
f 409 	410 	411
f 409 	411 	412
f 415 	416 	410
f 415 	410 	409
f 417 	418 	416
f 417 	416 	415
f 407 	406 	418
f 407 	418 	417
f 420 	303 	419
f 421 	303 	420
f 422 	303 	421
f 413 	419 	303
f 423 	303 	422
f 425 	303 	423
f 426 	303 	425
f 408 	413 	303
f 429 	115 	428
f 430 	115 	429
f 50 	104 	431
f 431 	105 	430
f 428 	120 	435
f 358 	1376 	354
f 435 	117 	434
f 212 	2202 	2192
f 436 	437 	411
f 412 	411 	437
f 434 	118 	438
f 353 	1385 	339
f 349 	824 	358
f 437 	436 	439
f 437 	439 	440
f 443 	194 	442
f 441 	442 	194
f 369 	371 	439
f 440 	439 	371
f 118 	449 	438
f 503 	824 	349
f 445 	444 	447
f 445 	447 	448
f 450 	451 	465
f 461 	465 	451
f 465 	467 	450
f 451 	452 	461
f 452 	453 	461
f 446 	461 	453
f 455 	456 	457
f 455 	457 	458
f 399 	333 	460
f 333 	334 	460
f 458 	457 	462
f 458 	462 	463
f 467 	438 	449
f 449 	450 	467
f 448 	447 	456
f 448 	456 	455
f 466 	303 	464
f 394 	393 	462
f 463 	462 	393
f 426 	464 	303
f 303 	466 	432
f 303 	432 	611
f 468 	469 	470
f 468 	470 	471
f 473 	521 	490
f 493 	446 	487
f 453 	487 	446
f 476 	477 	469
f 476 	469 	468
f 334 	370 	460
f 400 	315 	399
f 347 	333 	399
f 474 	378 	590
f 478 	480 	477
f 478 	477 	476
f 472 	493 	482
f 485 	486 	480
f 485 	480 	478
f 482 	493 	487
f 460 	594 	399
f 495 	426 	425
f 495 	425 	496
f 491 	473 	490
f 493 	472 	491
f 473 	491 	472
f 489 	490 	521
f 512 	534 	516
f 500 	531 	499
f 501 	492 	506
f 501 	506 	508
f 530 	538 	507
f 507 	509 	530
f 502 	530 	509
f 502 	509 	544
f 510 	825 	503
f 538 	532 	505
f 505 	507 	538
f 514 	533 	512
f 515 	836 	510
f 513 	511 	517
f 513 	517 	518
f 516 	489 	521
f 1434 	24 	22
f 518 	517 	519
f 518 	519 	520
f 22 	21 	1434
f 522 	523 	520
f 522 	520 	519
f 526 	527 	523
f 526 	523 	522
f 497 	837 	515
f 498 	848 	497
f 499 	848 	498
f 454 	529 	494
f 524 	528 	454
f 318 	637 	819
f 525 	318 	822
f 500 	494 	531
f 531 	494 	529
f 848 	499 	531
f 514 	504 	533
f 532 	533 	504
f 534 	512 	533
f 489 	516 	534
f 36 	35 	536
f 535 	536 	35
f 504 	505 	532
f 325 	511 	513
f 269 	1560 	268
f 541 	542 	536
f 541 	536 	535
f 544 	545 	552
f 543 	552 	545
f 543 	545 	546
f 547 	1706 	546
f 548 	1706 	547
f 550 	1707 	548
f 549 	551 	542
f 549 	542 	541
f 540 	1556 	537
f 268 	1555 	539
f 539 	1555 	540
f 553 	554 	551
f 553 	551 	549
f 552 	502 	544
f 537 	1556 	555
f 1445 	12 	11
f 556 	557 	554
f 556 	554 	553
f 11 	10 	1445
f 488 	75 	484
f 561 	1585 	559
f 496 	425 	423
f 496 	423 	562
f 563 	1585 	561
f 293 	2029 	402
f 564 	75 	560
f 567 	405 	402
f 567 	402 	565
f 555 	1583 	563
f 760 	655 	754
f 479 	75 	566
f 568 	408 	405
f 568 	405 	567
f 574 	75 	481
f 645 	306 	571
f 573 	413 	408
f 573 	408 	568
f 75 	574 	569
f 577 	419 	413
f 577 	413 	573
f 580 	420 	419
f 580 	419 	577
f 576 	643 	575
f 579 	575 	645
f 643 	645 	575
f 569 	578 	75
f 376 	75 	578
f 583 	421 	420
f 583 	420 	580
f 584 	643 	576
f 581 	582 	645
f 585 	422 	421
f 585 	421 	583
f 364 	586 	593
f 662 	639 	661
f 661 	629 	586
f 572 	581 	645
f 582 	579 	645
f 562 	423 	422
f 562 	422 	585
f 691 	432 	589
f 75 	483 	484
f 75 	488 	560
f 564 	566 	75
f 75 	479 	481
f 588 	643 	584
f 587 	641 	588
f 571 	572 	645
f 30 	1490 	31
f 475 	591 	459
f 590 	364 	593
f 459 	591 	594
f 459 	594 	460
f 1490 	30 	29
f 558 	1590 	592
f 559 	1586 	558
f 426 	495 	464
f 597 	464 	495
f 602 	466 	464
f 602 	464 	597
f 598 	1592 	603
f 232 	1497 	234
f 589 	432 	466
f 589 	466 	602
f 606 	303 	595
f 634 	303 	607
f 1497 	232 	60
f 474 	609 	613
f 474 	613 	475
f 612 	614 	641
f 599 	303 	601
f 475 	613 	591
f 611 	601 	303
f 600 	303 	599
f 303 	600 	605
f 605 	596 	303
f 596 	595 	303
f 606 	607 	303
f 479 	616 	617
f 479 	617 	481
f 620 	641 	619
f 627 	641 	620
f 483 	623 	624
f 483 	624 	484
f 484 	624 	625
f 484 	625 	488
f 612 	641 	587
f 614 	615 	641
f 615 	618 	641
f 618 	619 	641
f 628 	641 	627
f 488 	625 	630
f 488 	630 	560
f 629 	661 	626
f 560 	630 	632
f 560 	632 	564
f 621 	586 	629
f 622 	586 	621
f 593 	586 	622
f 608 	726 	631
f 610 	718 	608
f 631 	731 	604
f 102 	2192 	65
f 564 	632 	633
f 564 	633 	566
f 635 	303 	634
f 603 	1626 	610
f 592 	1591 	598
f 566 	633 	616
f 566 	616 	479
f 65 	2183 	72
f 2185 	77 	72
f 481 	617 	640
f 481 	640 	574
f 626 	661 	636
f 636 	661 	639
f 574 	640 	638
f 574 	638 	569
f 643 	588 	641
f 298 	570 	306
f 77 	2185 	2186
f 77 	2186 	79
f 649 	303 	646
f 569 	638 	650
f 569 	650 	578
f 2186 	82 	79
f 1275 	896 	684
f 653 	303 	652
f 2188 	84 	82
f 648 	586 	2057
f 760 	761 	655
f 84 	2188 	2189
f 84 	2189 	86
f 303 	635 	656
f 303 	656 	657
f 657 	652 	303
f 303 	653 	642
f 303 	642 	644
f 303 	644 	646
f 701 	303 	698
f 707 	303 	701
f 609 	474 	659
f 590 	659 	474
f 86 	2189 	2190
f 86 	2190 	90
f 593 	660 	659
f 593 	659 	590
f 658 	754 	655
f 604 	751 	658
f 90 	2190 	92
f 664 	595 	596
f 664 	596 	665
f 2193 	190 	92
f 664 	606 	595
f 672 	673 	669
f 668 	669 	673
f 671 	672 	670
f 669 	670 	672
f 667 	668 	673
f 666 	667 	641
f 628 	666 	641
f 673 	641 	667
f 675 	75 	674
f 677 	600 	599
f 677 	599 	679
f 2183 	65 	2192
f 680 	75 	675
f 674 	75 	676
f 676 	75 	682
f 679 	599 	601
f 679 	601 	685
f 789 	790 	655
f 665 	596 	605
f 665 	605 	687
f 761 	789 	655
f 765 	769 	75
f 681 	682 	75
f 483 	75 	680
f 688 	606 	664
f 689 	748 	663
f 690 	607 	606
f 690 	606 	688
f 192 	190 	2193
f 1267 	1274 	686
f 994 	995 	654
f 686 	654 	995
f 690 	634 	607
f 662 	663 	695
f 2195 	193 	192
f 432 	691 	611
f 685 	601 	611
f 685 	611 	691
f 195 	193 	2195
f 662 	695 	696
f 662 	696 	639
f 687 	605 	600
f 687 	600 	677
f 697 	75 	694
f 621 	699 	700
f 621 	700 	622
f 692 	75 	697
f 693 	75 	692
f 2197 	197 	195
f 303 	649 	698
f 622 	700 	660
f 622 	660 	593
f 626 	724 	703
f 197 	2197 	201
f 626 	703 	706
f 626 	706 	629
f 75 	693 	702
f 1606 	75 	702
f 707 	717 	303
f 629 	706 	699
f 629 	699 	621
f 709 	635 	634
f 709 	634 	710
f 694 	75 	708
f 714 	303 	713
f 713 	303 	712
f 716 	303 	715
f 733 	635 	709
f 710 	634 	690
f 720 	303 	717
f 711 	303 	720
f 712 	303 	711
f 715 	303 	714
f 721 	608 	719
f 722 	608 	721
f 719 	608 	718
f 718 	610 	1627
f 636 	724 	626
f 2201 	211 	207
f 729 	639 	923
f 303 	728 	736
f 211 	2201 	212
f 724 	636 	639
f 724 	639 	729
f 732 	657 	656
f 732 	656 	733
f 725 	303 	723
f 725 	728 	303
f 716 	723 	303
f 212 	2192 	102
f 735 	652 	657
f 735 	657 	732
f 741 	644 	642
f 741 	642 	742
f 744 	646 	644
f 744 	644 	741
f 708 	75 	743
f 747 	748 	689
f 704 	663 	748
f 753 	745 	755
f 746 	747 	689
f 749 	649 	646
f 749 	646 	744
f 726 	608 	750
f 727 	631 	726
f 750 	608 	722
f 739 	303 	736
f 749 	698 	649
f 734 	604 	731
f 751 	604 	734
f 730 	631 	727
f 752 	653 	652
f 752 	652 	735
f 754 	658 	751
f 781 	258 	257
f 742 	642 	653
f 742 	653 	752
f 740 	743 	75
f 740 	75 	738
f 781 	257 	256
f 733 	656 	635
f 586 	648 	661
f 759 	661 	648
f 731 	631 	730
f 790 	792 	655
f 763 	662 	661
f 763 	661 	759
f 1047 	1048 	1000
f 1599 	255 	254
f 764 	663 	662
f 764 	662 	763
f 254 	253 	1599
f 737 	738 	75
f 682 	768 	766
f 682 	766 	676
f 75 	767 	737
f 770 	75 	769
f 773 	75 	772
f 774 	75 	773
f 681 	75 	774
f 623 	483 	784
f 771 	767 	75
f 762 	757 	1040
f 755 	756 	753
f 676 	766 	777
f 676 	777 	674
f 758 	1000 	1048
f 1048 	1040 	758
f 1041 	753 	756
f 674 	777 	780
f 674 	780 	675
f 781 	1593 	1637
f 675 	780 	784
f 675 	784 	680
f 556 	335 	557
f 793 	794 	655
f 794 	795 	655
f 795 	796 	655
f 654 	655 	796
f 796 	994 	654
f 792 	793 	655
f 765 	75 	788
f 527 	526 	797
f 527 	797 	798
f 912 	916 	1632
f 791 	1496 	1637
f 75 	779 	775
f 775 	771 	75
f 492 	501 	797
f 798 	797 	501
f 75 	49 	778
f 779 	75 	778
f 808 	810 	486
f 808 	486 	485
f 647 	842 	637
f 684 	686 	1275
f 1274 	1275 	686
f 995 	996 	686
f 812 	814 	810
f 812 	810 	808
f 75 	783 	785
f 75 	785 	786
f 786 	788 	75
f 770 	772 	75
f 815 	816 	813
f 815 	813 	811
f 856 	851 	678
f 818 	819 	637
f 954 	782 	831
f 783 	75 	782
f 524 	525 	829
f 820 	821 	806
f 823 	824 	825
f 823 	825 	826
f 827 	828 	821
f 827 	821 	820
f 829 	528 	524
f 528 	529 	454
f 824 	823 	1376
f 832 	833 	828
f 832 	828 	827
f 835 	836 	837
f 835 	837 	839
f 803 	843 	802
f 802 	843 	801
f 800 	801 	804
f 805 	807 	804
f 800 	804 	807
f 840 	841 	833
f 840 	833 	832
f 836 	835 	826
f 836 	826 	825
f 804 	801 	843
f 845 	846 	841
f 845 	841 	840
f 819 	822 	318
f 818 	637 	842
f 822 	829 	525
f 847 	848 	1534
f 849 	850 	846
f 849 	846 	845
f 651 	678 	851
f 848 	847 	839
f 848 	839 	837
f 843 	803 	853
f 854 	855 	850
f 854 	850 	849
f 647 	651 	859
f 403 	404 	858
f 857 	858 	404
f 860 	861 	855
f 860 	855 	854
f 862 	863 	858
f 862 	858 	857
f 864 	647 	859
f 535 	35 	492
f 541 	535 	797
f 506 	492 	35
f 865 	506 	815
f 860 	20 	861
f 40 	815 	506
f 35 	40 	506
f 1463 	1465 	934
f 867 	930 	1465
f 868 	870 	871
f 868 	871 	872
f 842 	647 	864
f 852 	859 	651
f 872 	871 	874
f 872 	874 	875
f 876 	877 	878
f 876 	878 	879
f 323 	326 	1632
f 321 	323 	1632
f 340 	341 	1632
f 341 	346 	1632
f 273 	1632 	346
f 346 	348 	273
f 879 	878 	870
f 879 	870 	868
f 511 	556 	517
f 517 	553 	519
f 797 	526 	541
f 519 	549 	522
f 522 	541 	526
f 1179 	1123 	866
f 866 	885 	1179
f 873 	866 	1123
f 885 	886 	1179
f 1183 	1179 	886
f 875 	874 	805
f 492 	797 	535
f 541 	522 	549
f 876 	924 	877
f 890 	891 	892
f 890 	892 	893
f 553 	517 	556
f 895 	3 	891
f 895 	891 	890
f 902 	903 	7
f 902 	7 	904
f 678 	683 	900
f 900 	856 	678
f 851 	852 	651
f 899 	900 	683
f 893 	892 	903
f 893 	903 	902
f 1186 	1183 	1561
f 886 	1561 	1183
f 803 	844 	853
f 815 	811 	865
f 865 	811 	844
f 905 	4 	3
f 905 	3 	895
f 888 	1561 	886
f 906 	1561 	888
f 811 	853 	844
f 681 	787 	768
f 681 	768 	682
f 904 	7 	20
f 904 	20 	910
f 680 	784 	483
f 910 	20 	860
f 854 	849 	878
f 849 	845 	878
f 870 	878 	845
f 845 	840 	870
f 871 	870 	840
f 874 	871 	832
f 832 	827 	874
f 805 	874 	820
f 820 	806 	805
f 807 	805 	806
f 913 	689 	663
f 913 	663 	764
f 39 	914 	915
f 39 	915 	41
f 840 	832 	871
f 43 	917 	918
f 43 	918 	44
f 860 	854 	877
f 755 	689 	913
f 878 	877 	854
f 37 	908 	914
f 37 	914 	39
f 705 	920 	695
f 827 	820 	874
f 41 	915 	921
f 41 	921 	42
f 695 	920 	923
f 695 	923 	696
f 924 	910 	877
f 42 	921 	917
f 42 	917 	43
f 922 	2161 	799
f 696 	923 	639
f 44 	918 	924
f 44 	924 	45
f 926 	698 	749
f 45 	924 	876
f 928 	701 	698
f 928 	698 	926
f 902 	918 	893
f 893 	917 	890
f 890 	921 	895
f 895 	914 	905
f 904 	918 	902
f 908 	1023 	905
f 905 	130 	4
f 915 	895 	921
f 914 	895 	915
f 904 	910 	924
f 860 	877 	910
f 705 	932 	920
f 62 	933 	931
f 62 	931 	53
f 917 	893 	918
f 921 	890 	917
f 704 	929 	932
f 704 	932 	705
f 66 	935 	933
f 66 	933 	62
f 908 	905 	914
f 936 	707 	701
f 936 	701 	928
f 935 	66 	1839
f 937 	717 	707
f 937 	707 	936
f 918 	904 	924
f 939 	716 	715
f 939 	715 	941
f 940 	83 	81
f 940 	81 	938
f 944 	712 	711
f 944 	711 	942
f 94 	945 	946
f 94 	946 	95
f 1849 	970 	935
f 947 	713 	712
f 947 	712 	944
f 931 	938 	53
f 81 	53 	938
f 948 	714 	713
f 948 	713 	947
f 941 	715 	714
f 941 	714 	948
f 938 	949 	940
f 945 	943 	946
f 950 	946 	943
f 940 	949 	950
f 305 	302 	2109
f 289 	294 	273
f 302 	305 	273
f 424 	427 	273
f 952 	720 	717
f 952 	717 	937
f 954 	838 	817
f 953 	817 	838
f 2109 	2146 	305
f 942 	711 	720
f 942 	720 	952
f 289 	273 	283
f 955 	725 	723
f 955 	723 	956
f 296 	273 	294
f 961 	728 	725
f 961 	725 	955
f 296 	299 	273
f 302 	273 	299
f 959 	960 	958
f 960 	962 	958
f 957 	958 	962
f 962 	809 	957
f 953 	957 	809
f 809 	817 	953
f 75 	831 	782
f 817 	782 	954
f 963 	1561 	906
f 2136 	320 	317
f 830 	831 	75
f 96 	949 	951
f 96 	951 	97
f 320 	2136 	321
f 967 	968 	969
f 967 	969 	971
f 966 	830 	75
f 970 	98 	97
f 970 	97 	951
f 444 	445 	969
f 971 	969 	445
f 95 	946 	949
f 95 	949 	96
f 964 	965 	75
f 965 	966 	75
f 975 	1063 	974
f 970 	1304 	98
f 975 	974 	976
f 975 	976 	977
f 93 	1010 	981
f 2132 	332 	326
f 983 	75 	980
f 979 	980 	75
f 973 	972 	75
f 972 	964 	75
f 983 	973 	75
f 93 	981 	945
f 93 	945 	94
f 984 	1561 	982
f 988 	989 	75
f 978 	979 	75
f 950 	99 	83
f 950 	83 	940
f 987 	1561 	985
f 943 	85 	99
f 943 	99 	950
f 340 	332 	2132
f 991 	75 	990
f 989 	990 	75
f 978 	75 	986
f 986 	75 	991
f 992 	108 	107
f 992 	107 	993
f 2130 	341 	340
f 977 	976 	968
f 977 	968 	967
f 1089 	1047 	1000
f 341 	2130 	346
f 2129 	346 	2130
f 1002 	1003 	1004
f 1002 	1004 	1006
f 85 	943 	112
f 1005 	112 	943
f 1001 	1089 	1000
f 1087 	1089 	1001
f 1007 	1008 	1259
f 993 	107 	112
f 993 	112 	1005
f 348 	346 	2129
f 1009 	303 	739
f 1008 	1007 	1006
f 1008 	1006 	1004
f 1011 	523 	1009
f 119 	1010 	93
f 1012 	1013 	1014
f 1012 	1014 	1015
f 1016 	523 	1011
f 124 	1069 	1017
f 1018 	1019 	1013
f 1018 	1013 	1012
f 1020 	523 	1016
f 1022 	523 	1021
f 1021 	523 	1020
f 124 	1017 	1023
f 124 	1023 	125
f 1024 	1025 	1101
f 1027 	523 	1026
f 125 	1023 	908
f 125 	908 	37
f 1030 	1031 	1019
f 1030 	1019 	1018
f 1032 	130 	905
f 1033 	1034 	1035
f 1033 	1035 	1036
f 1077 	130 	1032
f 1038 	523 	1022
f 1029 	523 	1038
f 1026 	523 	1029
f 1049 	523 	1027
f 305 	424 	273
f 1036 	1035 	1031
f 1036 	1031 	1030
f 745 	746 	689
f 695 	663 	705
f 1042 	1043 	1034
f 1042 	1034 	1033
f 317 	320 	1632
f 313 	317 	1632
f 1044 	1045 	1043
f 1044 	1043 	1042
f 321 	1632 	320
f 1050 	736 	728
f 1050 	728 	961
f 705 	663 	704
f 689 	755 	745
f 756 	762 	1041
f 1015 	1014 	1025
f 1015 	1025 	1024
f 716 	939 	723
f 956 	723 	939
f 1040 	1041 	762
f 1359 	739 	1056
f 144 	1054 	1057
f 144 	1057 	145
f 145 	1057 	1061
f 145 	1061 	146
f 745 	1083 	1062
f 1058 	523 	1055
f 1063 	1064 	1060
f 1063 	1060 	1059
f 745 	1062 	1065
f 745 	1065 	746
f 146 	1061 	1066
f 146 	1066 	147
f 1067 	523 	1049
f 1063 	975 	1064
f 746 	1065 	1068
f 746 	1068 	747
f 147 	1066 	1069
f 147 	1069 	149
f 1070 	1071 	1072
f 1070 	1072 	1073
f 747 	1068 	1074
f 747 	1074 	748
f 1053 	523 	1052
f 1055 	523 	1053
f 1052 	523 	1067
f 149 	1069 	124
f 929 	704 	1074
f 748 	1074 	704
f 144 	1128 	1054
f 863 	862 	1072
f 1073 	1072 	862
f 1076 	1001 	1075
f 1056 	739 	736
f 1056 	736 	1050
f 130 	1077 	153
f 1078 	1079 	1080
f 1078 	1080 	1081
f 753 	1406 	1083
f 1084 	1086 	1079
f 1084 	1079 	1078
f 1085 	156 	153
f 1085 	153 	1077
f 753 	1083 	745
f 1071 	1070 	1091
f 1088 	1091 	1070
f 1090 	158 	156
f 1090 	156 	1085
f 757 	758 	1040
f 1082 	1087 	1001
f 1076 	1082 	1001
f 1092 	756 	755
f 1092 	755 	1093
f 1081 	1080 	1091
f 1081 	1091 	1088
f 1094 	160 	158
f 1094 	158 	1090
f 1096 	758 	757
f 1096 	757 	1097
f 1102 	523 	1098
f 1095 	523 	1058
f 1051 	133 	160
f 1051 	160 	1094
f 1348 	758 	1096
f 1113 	523 	1102
f 1101 	169 	167
f 1101 	167 	1103
f 1097 	757 	762
f 1097 	762 	1106
f 814 	812 	1105
f 1104 	1105 	812
f 1101 	1025 	169
f 1107 	1108 	1105
f 1107 	1105 	1104
f 770 	1109 	1110
f 770 	1110 	772
f 1111 	172 	171
f 1111 	171 	1112
f 1100 	1099 	1108
f 1100 	1108 	1107
f 772 	1110 	1117
f 772 	1117 	773
f 1119 	173 	172
f 1119 	172 	1111
f 1098 	523 	1095
f 1114 	523 	1113
f 1115 	523 	1114
f 1116 	523 	1115
f 1118 	523 	1116
f 1121 	523 	1120
f 773 	1117 	1124
f 773 	1124 	774
f 1103 	167 	173
f 1103 	173 	1119
f 1125 	1127 	1059
f 1125 	1059 	1060
f 787 	681 	1124
f 774 	1124 	681
f 1129 	1133 	1328
f 1128 	181 	1003
f 1128 	1003 	1002
f 1123 	1122 	1130
f 1123 	1130 	1131
f 769 	1132 	1109
f 769 	1109 	770
f 181 	1128 	144
f 1135 	1136 	1137
f 1135 	1137 	1138
f 133 	1051 	184
f 1140 	184 	1051
f 765 	1139 	1132
f 765 	1132 	769
f 1131 	1130 	1127
f 1131 	1127 	1125
f 1142 	523 	1141
f 1112 	171 	184
f 1112 	184 	1140
f 1093 	755 	913
f 1141 	523 	1121
f 1138 	1137 	1143
f 1138 	1143 	1145
f 202 	1333 	1144
f 1106 	762 	756
f 1106 	756 	1092
f 202 	1144 	441
f 1146 	1147 	1165
f 782 	1148 	1149
f 782 	1149 	783
f 1133 	1134 	1328
f 1001 	1328 	1134
f 1134 	1075 	1001
f 1150 	1151 	1147
f 1150 	1147 	1146
f 785 	1152 	1153
f 785 	1153 	786
f 1155 	1156 	1151
f 1155 	1151 	1150
f 1157 	194 	387
f 786 	1153 	1158
f 786 	1158 	788
f 1145 	1143 	1160
f 1145 	1160 	1161
f 1159 	196 	194
f 1159 	194 	1157
f 788 	1158 	1139
f 788 	1139 	765
f 1161 	1160 	1156
f 1161 	1156 	1155
f 1162 	809 	962
f 1165 	1147 	1164
f 205 	1166 	1167
f 205 	1167 	206
f 783 	1149 	1152
f 783 	1152 	785
f 1165 	1164 	1168
f 1165 	1168 	1169
f 1493 	208 	392
f 1170 	392 	208
f 817 	1171 	1148
f 817 	1148 	782
f 1086 	1084 	1168
f 1169 	1168 	1084
f 210 	1173 	1166
f 210 	1166 	205
f 1171 	817 	809
f 1171 	809 	1162
f 206 	1167 	1170
f 206 	1170 	208
f 1175 	1174 	1136
f 1175 	1136 	1135
f 213 	1177 	1178
f 213 	1178 	214
f 1122 	1123 	1180
f 1179 	1180 	1123
f 954 	1181 	1182
f 954 	1182 	838
f 1183 	1184 	1180
f 1183 	1180 	1179
f 214 	1178 	1173
f 214 	1173 	210
f 838 	1182 	1185
f 838 	1185 	953
f 1184 	1183 	1187
f 1186 	1187 	1183
f 830 	1189 	1190
f 830 	1190 	831
f 1046 	1039 	1163
f 1172 	1163 	1039
f 1039 	1037 	1172
f 1037 	1028 	1172
f 1176 	1172 	1028
f 1461 	1176 	1028
f 831 	1190 	1181
f 831 	1181 	954
f 326 	332 	1632
f 340 	1632 	332
f 1193 	1194 	1195
f 1193 	1195 	1196
f 830 	966 	1189
f 424 	305 	2146
f 1197 	1198 	1199
f 1197 	1199 	1200
f 2145 	427 	2146
f 424 	2146 	427
f 1192 	1191 	1198
f 1192 	1198 	1197
f 960 	1201 	1202
f 960 	1202 	962
f 427 	2145 	433
f 2144 	433 	2145
f 1174 	1175 	1195
f 1196 	1195 	1175
f 959 	1203 	1201
f 959 	1201 	960
f 1200 	1199 	1194
f 1200 	1194 	1193
f 2144 	2143 	433
f 196 	1159 	219
f 1204 	219 	1159
f 958 	1205 	1203
f 958 	1203 	959
f 1187 	1186 	1207
f 1206 	1207 	1186
f 1208 	220 	219
f 1208 	219 	1204
f 1209 	1210 	1207
f 1209 	1207 	1206
f 1211 	223 	220
f 1211 	220 	1208
f 953 	1185 	1212
f 953 	1212 	957
f 1215 	224 	223
f 1215 	223 	1211
f 957 	1212 	1205
f 957 	1205 	958
f 1210 	1209 	1214
f 1210 	1214 	1213
f 1216 	225 	224
f 1216 	224 	1215
f 1162 	962 	1202
f 1217 	1218 	1219
f 1217 	1219 	1220
f 1188 	226 	225
f 1188 	225 	1216
f 964 	1221 	1222
f 964 	1222 	965
f 1223 	1224 	1226
f 1223 	1226 	1227
f 1225 	231 	230
f 1225 	230 	1228
f 965 	1222 	1229
f 965 	1229 	966
f 1220 	1219 	1224
f 1220 	1224 	1223
f 1228 	230 	1265
f 1229 	1189 	966
f 348 	414 	273
f 1230 	1231 	1218
f 1230 	1218 	1217
f 964 	1238 	1221
f 1227 	1226 	1232
f 1227 	1232 	1233
f 273 	414 	283
f 980 	1234 	1236
f 980 	1236 	983
f 1235 	1237 	1231
f 1235 	1231 	1230
f 972 	1238 	964
f 1235 	1900 	1237
f 884 	1634 	433
f 427 	433 	273
f 973 	1239 	1238
f 973 	1238 	972
f 1191 	1192 	1232
f 1233 	1232 	1192
f 1240 	1241 	1242
f 1240 	1242 	1243
f 949 	938 	951
f 938 	931 	951
f 1244 	1245 	1241
f 1244 	1241 	1240
f 1246 	1247 	1245
f 1246 	1245 	1244
f 951 	931 	970
f 1243 	1242 	1045
f 1243 	1045 	1044
f 946 	950 	949
f 1490 	1492 	925
f 1248 	1249 	1247
f 1248 	1247 	1246
f 799 	313 	1632
f 992 	993 	1010
f 981 	1010 	993
f 1251 	1250 	1252
f 1251 	1252 	1253
f 909 	911 	1459
f 2161 	922 	919
f 1253 	1252 	1254
f 1253 	1254 	1255
f 911 	912 	1459
f 1632 	1459 	912
f 1255 	1254 	1256
f 1255 	1256 	1257
f 1257 	1256 	1258
f 1257 	1258 	1259
f 916 	919 	1632
f 945 	981 	1005
f 993 	1005 	981
f 943 	945 	1005
f 1007 	1259 	1258
f 1262 	233 	231
f 1262 	231 	1225
f 1263 	1264 	1249
f 1263 	1249 	1248
f 1265 	230 	235
f 1017 	1032 	1023
f 1077 	1032 	1017
f 999 	1267 	686
f 998 	999 	686
f 997 	998 	686
f 996 	997 	686
f 683 	684 	897
f 897 	898 	683
f 896 	897 	684
f 776 	778 	49
f 226 	1188 	235
f 1265 	235 	1188
f 247 	233 	1262
f 1268 	49 	987
f 905 	1023 	1032
f 1270 	243 	240
f 1270 	240 	1272
f 1270 	292 	243
f 898 	899 	683
f 1276 	247 	1262
f 1278 	1561 	1271
f 1057 	1054 	1051
f 1094 	1057 	1051
f 1085 	1066 	1090
f 1077 	1069 	1085
f 1279 	1561 	1278
f 1271 	1561 	963
f 1272 	240 	248
f 1272 	248 	1280
f 1057 	1094 	1061
f 1066 	1061 	1090
f 1280 	248 	250
f 1280 	250 	1282
f 1561 	1279 	982
f 985 	1561 	984
f 1094 	1090 	1061
f 1017 	1069 	1077
f 1282 	250 	247
f 1282 	247 	1276
f 1066 	1085 	1069
f 1286 	270 	269
f 1286 	269 	1288
f 1128 	1112 	1054
f 554 	557 	1287
f 919 	922 	1632
f 551 	554 	1287
f 799 	1632 	922
f 542 	551 	1287
f 536 	542 	1295
f 1128 	1002 	1119
f 1111 	1128 	1119
f 1112 	1128 	1111
f 1140 	1054 	1112
f 1051 	1054 	1140
f 1103 	1119 	1002
f 1101 	1103 	1002
f 1328 	1343 	1129
f 1439 	1634 	887
f 889 	1438 	887
f 927 	867 	869
f 930 	934 	1465
f 336 	337 	1293
f 1295 	66 	536
f 1287 	1295 	542
f 270 	1286 	1301
f 270 	1301 	271
f 1204 	1159 	1170
f 1157 	392 	1159
f 387 	390 	1157
f 1303 	523 	1300
f 1177 	213 	1302
f 275 	1302 	213
f 355 	46 	1299
f 268 	1290 	1288
f 268 	1288 	269
f 1297 	523 	1296
f 1300 	523 	1297
f 1306 	523 	1309
f 983 	1236 	1239
f 983 	1239 	973
f 271 	1301 	1311
f 271 	1311 	272
f 978 	1323 	1313
f 272 	1311 	1315
f 272 	1315 	274
f 1120 	523 	1118
f 1309 	523 	1142
f 1307 	523 	1306
f 1296 	523 	1307
f 978 	1313 	1317
f 978 	1317 	979
f 274 	1315 	1302
f 274 	1302 	275
f 1331 	1304 	1318
f 979 	1317 	1234
f 979 	1234 	980
f 986 	1330 	1323
f 277 	1319 	1324
f 277 	1324 	278
f 1314 	1316 	1305
f 278 	1324 	1327
f 278 	1327 	281
f 986 	1323 	978
f 281 	1327 	1329
f 281 	1329 	285
f 1330 	986 	991
f 1322 	75 	1321
f 1312 	1314 	1305
f 1325 	1312 	1305
f 1304 	1305 	1316
f 1316 	1318 	1304
f 119 	93 	1304
f 119 	1304 	1331
f 98 	1304 	93
f 290 	1333 	202
f 1332 	989 	988
f 1332 	988 	1334
f 1308 	1325 	1305
f 287 	1336 	1337
f 287 	1337 	288
f 989 	1332 	1338
f 989 	1338 	990
f 1341 	1321 	75
f 75 	1322 	1326
f 988 	75 	1320
f 1326 	1320 	75
f 288 	1337 	1333
f 288 	1333 	290
f 1334 	988 	1733
f 1335 	1308 	1305
f 285 	1329 	1342
f 285 	1342 	286
f 990 	1338 	1330
f 990 	1330 	991
f 1468 	1469 	1356
f 286 	1342 	1336
f 286 	1336 	287
f 1345 	292 	1270
f 1344 	1001 	1000
f 1344 	1000 	1348
f 1353 	295 	292
f 1353 	292 	1345
f 1348 	1000 	758
f 1352 	1354 	1298
f 1350 	1352 	1298
f 1354 	1355 	1298
f 1355 	1339 	1298
f 1339 	1340 	1298
f 1340 	1335 	1298
f 1305 	1298 	1335
f 1349 	1350 	1298
f 1357 	298 	297
f 1357 	297 	1358
f 739 	1359 	1009
f 1341 	75 	1351
f 1364 	1366 	1298
f 1357 	570 	298
f 1362 	1011 	1009
f 1362 	1009 	1359
f 1347 	1349 	1298
f 1368 	301 	295
f 1368 	295 	1353
f 1379 	1011 	1362
f 1369 	1378 	75
f 1358 	297 	301
f 1358 	301 	1368
f 1372 	1021 	1020
f 1372 	1020 	1373
f 1366 	1346 	1298
f 1346 	1347 	1298
f 1319 	277 	1374
f 304 	1374 	277
f 1375 	1022 	1021
f 1375 	1021 	1372
f 1379 	1016 	1011
f 1361 	75 	1367
f 1378 	1380 	75
f 1380 	1381 	75
f 1381 	1363 	75
f 1363 	1365 	75
f 1367 	75 	1365
f 1361 	1351 	75
f 1382 	308 	306
f 1382 	306 	1377
f 1373 	1020 	1016
f 1373 	1016 	1379
f 1386 	312 	308
f 1386 	308 	1382
f 1387 	1038 	1022
f 1388 	354 	1376
f 316 	1390 	1374
f 316 	1374 	304
f 1387 	1022 	1375
f 1370 	1371 	75
f 1376 	358 	824
f 1385 	353 	1388
f 1289 	339 	1385
f 1371 	1369 	75
f 1393 	1027 	1026
f 1393 	1026 	1391
f 1392 	318 	525
f 1392 	525 	1553
f 1407 	1383 	75
f 1601 	1049 	1027
f 1601 	1027 	1393
f 1390 	316 	312
f 1390 	312 	1386
f 1396 	470 	448
f 1383 	1384 	75
f 1029 	1397 	1026
f 1391 	1026 	1397
f 322 	1398 	1399
f 322 	1399 	324
f 1397 	1029 	1038
f 1397 	1038 	1387
f 1462 	1463 	934
f 1040 	1411 	1403
f 383 	385 	1003
f 1040 	1403 	1406
f 1040 	1406 	1041
f 1402 	380 	181
f 1041 	1406 	753
f 1047 	1410 	1411
f 1047 	1411 	1048
f 1407 	75 	1405
f 1360 	1364 	1298
f 1298 	1299 	1360
f 1048 	1411 	1040
f 907 	909 	1462
f 934 	907 	1462
f 1400 	1405 	75
f 1384 	1370 	75
f 359 	363 	1394
f 1415 	75 	1414
f 1413 	1414 	75
f 1408 	75 	1415
f 1409 	75 	1408
f 1409 	1400 	75
f 1412 	1413 	75
f 1416 	1417 	1418
f 1416 	1418 	1419
f 46 	352 	1299
f 352 	1360 	1299
f 355 	1299 	363
f 1419 	1418 	1422
f 1419 	1422 	1423
f 1439 	887 	1438
f 884 	887 	1634
f 1442 	1634 	1440
f 1426 	1634 	1442
f 273 	433 	1634
f 1423 	1422 	1429
f 1423 	1429 	1431
f 889 	894 	1434
f 1430 	1434 	894
f 1434 	1435 	889
f 1435 	1438 	889
f 1431 	1429 	1428
f 1431 	1428 	1427
f 1421 	1454 	1420
f 1420 	1454 	1433
f 1440 	1634 	1439
f 385 	374 	1003
f 374 	369 	1003
f 369 	439 	1003
f 1004 	1003 	439
f 439 	436 	1004
f 436 	411 	1004
f 1412 	75 	1437
f 1436 	1437 	75
f 397 	1394 	393
f 1282 	1276 	1302
f 1265 	1188 	1173
f 1188 	1216 	1173
f 1302 	1315 	1282
f 1280 	1282 	1315
f 1166 	1173 	1216
f 1211 	1208 	1166
f 1167 	1166 	1208
f 1432 	1433 	1454
f 1424 	1454 	1421
f 1425 	1454 	1424
f 1394 	363 	1299
f 397 	359 	1394
f 1444 	1634 	1426
f 1444 	1445 	1634
f 1208 	1204 	1167
f 1170 	1167 	1204
f 392 	1170 	1159
f 1441 	75 	1443
f 1447 	75 	1441
f 1450 	1634 	1445
f 1449 	1436 	75
f 1173 	1178 	1228
f 1265 	1173 	1228
f 1225 	1228 	1178
f 1447 	1448 	75
f 1448 	1449 	75
f 1216 	1215 	1166
f 1215 	1211 	1166
f 1527 	1528 	75
f 1530 	1525 	75
f 1455 	1632 	1453
f 1455 	1457 	1632
f 1457 	1459 	1632
f 1432 	1454 	1389
f 1389 	1480 	1356
f 1154 	1126 	1343
f 1462 	909 	1459
f 1126 	1129 	1343
f 1465 	869 	867
f 869 	1490 	927
f 1456 	1464 	1356
f 1464 	1460 	1356
f 1343 	1356 	1460
f 1154 	1343 	1460
f 925 	927 	1490
f 1358 	1368 	1290
f 1270 	1272 	1301
f 1177 	1302 	1276
f 1276 	1262 	1177
f 1178 	1177 	1225
f 1262 	1225 	1177
f 1485 	518 	1467
f 1467 	520 	1466
f 1466 	520 	1303
f 1008 	1004 	418
f 1353 	1345 	1286
f 1286 	1288 	1353
f 1301 	1286 	1270
f 1315 	1311 	1280
f 1259 	1008 	403
f 1474 	1475 	1356
f 1290 	1557 	1358
f 1446 	1294 	1261
f 1261 	1260 	1446
f 1260 	1461 	1446
f 1452 	1446 	1461
f 1028 	1452 	1461
f 1294 	1291 	1261
f 1266 	1261 	1291
f 1269 	1266 	1291
f 1291 	1285 	1269
f 1273 	1269 	1285
f 1285 	1281 	1273
f 1277 	1273 	1281
f 1472 	1473 	1356
f 1473 	1474 	1356
f 1475 	1458 	1356
f 1458 	1456 	1356
f 1471 	1472 	1356
f 411 	410 	1004
f 410 	416 	1004
f 416 	418 	1004
f 418 	406 	1008
f 406 	403 	1008
f 1272 	1280 	1311
f 925 	901 	2139
f 1476 	1356 	1470
f 1468 	1356 	1476
f 1469 	1471 	1356
f 1541 	1547 	1374
f 1319 	1374 	1547
f 1547 	1542 	1319
f 1374 	1390 	1541
f 1479 	1389 	1478
f 1478 	1389 	1477
f 1337 	1546 	1333
f 1470 	1356 	1481
f 1336 	1545 	1337
f 458 	463 	1395
f 463 	393 	1395
f 455 	458 	1395
f 1394 	1395 	393
f 448 	455 	1396
f 1395 	1396 	455
f 934 	930 	2168
f 2168 	907 	934
f 1542 	1543 	1324
f 1329 	1327 	1543
f 1481 	1356 	1480
f 1479 	1480 	1389
f 1483 	325 	1482
f 975 	977 	480
f 486 	975 	480
f 2114 	289 	283
f 1288 	1290 	1368
f 1353 	1288 	1368
f 1345 	1270 	1286
f 1311 	1301 	1272
f 294 	289 	2114
f 1486 	513 	1485
f 1487 	513 	1486
f 1482 	325 	1487
f 1491 	324 	1484
f 1484 	342 	1483
f 294 	2112 	296
f 1477 	1389 	1489
f 1498 	1499 	1454
f 2112 	299 	296
f 1492 	1430 	925
f 1539 	1541 	1390
f 1392 	1553 	1377
f 1382 	1377 	1553
f 299 	2110 	302
f 901 	925 	1430
f 1553 	1552 	1382
f 894 	901 	1430
f 302 	2110 	2109
f 1632 	1637 	1497
f 1501 	1503 	1454
f 1499 	1501 	1454
f 1488 	1389 	1503
f 1489 	1389 	1488
f 1453 	1632 	1497
f 1502 	1399 	1510
f 1511 	1510 	1399
f 1510 	1507 	1502
f 511 	1504 	556
f 549 	519 	553
f 313 	799 	2138
f 1637 	1506 	1508
f 1509 	1637 	1508
f 511 	1500 	1504
f 2137 	317 	313
f 2137 	313 	2138
f 1507 	1504 	1500
f 1495 	1454 	1494
f 1495 	1498 	1454
f 1493 	1494 	1454
f 208 	1493 	1454
f 477 	480 	977
f 810 	1064 	486
f 977 	967 	477
f 469 	477 	967
f 1500 	1502 	1507
f 2136 	317 	2137
f 1511 	1399 	1512
f 1399 	1398 	1512
f 2135 	321 	2136
f 836 	515 	837
f 825 	510 	836
f 824 	503 	825
f 837 	497 	848
f 323 	321 	2135
f 1521 	1454 	1520
f 1520 	1454 	1519
f 210 	205 	1536
f 1514 	1519 	1454
f 863 	1072 	1257
f 858 	1259 	403
f 1526 	1522 	1523
f 1522 	1144 	1524
f 1512 	1398 	1518
f 1517 	1524 	1144
f 511 	325 	1500
f 1516 	1513 	1454
f 1513 	1514 	1454
f 1515 	1516 	1454
f 1425 	1515 	1454
f 1454 	1503 	1389
f 1518 	1529 	1523
f 1504 	335 	556
f 1524 	1523 	1522
f 1526 	1523 	1529
f 1529 	1518 	1398
f 1507 	336 	335
f 1507 	335 	1504
f 967 	971 	469
f 470 	469 	971
f 971 	445 	470
f 445 	448 	470
f 1510 	337 	336
f 1510 	336 	1507
f 1532 	1753 	1104
f 1511 	338 	337
f 1511 	337 	1510
f 1443 	75 	1525
f 1531 	1530 	75
f 1104 	812 	1532
f 1003 	181 	383
f 380 	383 	181
f 1401 	1402 	181
f 1404 	1401 	144
f 1310 	1404 	145
f 1512 	339 	338
f 1512 	338 	1511
f 1528 	1531 	75
f 1533 	1532 	812
f 1518 	339 	1512
f 275 	213 	1540
f 271 	272 	1554
f 270 	271 	1554
f 1327 	1324 	1543
f 1324 	1319 	1542
f 1543 	1544 	1329
f 1342 	1544 	1336
f 1390 	1386 	1539
f 1144 	1333 	1517
f 1013 	48 	1014
f 1019 	48 	1013
f 1031 	48 	1019
f 1035 	48 	1031
f 1034 	48 	1035
f 1043 	48 	1034
f 1045 	48 	1043
f 324 	1399 	1502
f 324 	1502 	342
f 1540 	1554 	272
f 272 	274 	1540
f 342 	1502 	1500
f 342 	1500 	325
f 1545 	1336 	1544
f 1342 	1329 	1544
f 1546 	1337 	1545
f 1517 	1333 	1546
f 339 	1518 	353
f 1025 	1014 	48
f 1025 	48 	169
f 1523 	354 	353
f 1523 	353 	1518
f 1548 	75 	1550
f 1524 	358 	354
f 1524 	354 	1523
f 1064 	810 	1060
f 358 	1524 	349
f 1517 	349 	1524
f 1580 	1551 	75
f 1550 	75 	1551
f 1527 	75 	1549
f 1548 	1549 	75
f 1537 	1539 	1386
f 1386 	1382 	1537
f 1552 	1537 	1382
f 441 	1144 	1522
f 441 	1522 	1526
f 441 	1526 	442
f 863 	1259 	858
f 1072 	1071 	1257
f 1091 	1257 	1071
f 1080 	1255 	1091
f 1086 	1253 	1079
f 1080 	1079 	1255
f 442 	1526 	1529
f 442 	1529 	443
f 1571 	1572 	1559
f 1557 	1558 	1357
f 1357 	1358 	1557
f 269 	270 	1560
f 443 	1529 	1398
f 443 	1398 	322
f 1532 	528 	1753
f 1555 	268 	1560
f 1556 	540 	1555
f 1554 	1560 	270
f 528 	1532 	1533
f 528 	1533 	529
f 814 	1060 	810
f 975 	486 	1064
f 882 	883 	1131
f 881 	882 	1131
f 883 	873 	1131
f 1123 	1131 	873
f 1568 	1571 	1562
f 1563 	1568 	1562
f 1564 	1582 	1563
f 1565 	1587 	1564
f 1566 	1589 	1565
f 1559 	1562 	1571
f 1558 	1559 	1572
f 529 	1533 	1534
f 529 	1534 	531
f 1637 	1509 	1569
f 1570 	75 	1567
f 1637 	1569 	791
f 349 	1517 	503
f 1546 	503 	1517
f 1573 	75 	1570
f 1357 	1558 	1572
f 1537 	454 	494
f 1537 	494 	1539
f 1450 	1451 	1634
f 1574 	1634 	1451
f 1575 	1634 	1574
f 1581 	1634 	1575
f 1577 	75 	1576
f 1578 	75 	1577
f 1579 	75 	1578
f 1573 	1576 	75
f 1580 	75 	1579
f 1584 	1634 	1581
f 1539 	494 	500
f 1539 	500 	1541
f 1568 	1563 	1582
f 1634 	1584 	1588
f 1542 	498 	497
f 1542 	497 	1543
f 1582 	1564 	1587
f 1587 	1565 	1589
f 1637 	1634 	781
f 1547 	499 	498
f 1547 	498 	1542
f 1541 	500 	499
f 1541 	499 	1547
f 1585 	563 	1583
f 1586 	559 	1585
f 1637 	1593 	1594
f 1594 	1599 	1637
f 1597 	1598 	1602
f 1566 	1602 	1598
f 1589 	1566 	1600
f 1600 	1566 	1598
f 1583 	555 	1556
f 1590 	558 	1586
f 1591 	592 	1590
f 1611 	1595 	1602
f 1105 	1108 	1125
f 1047 	1089 	1410
f 1643 	1410 	1089
f 75 	1604 	1603
f 1603 	1567 	75
f 1605 	1053 	1052
f 1605 	1052 	1607
f 1609 	75 	1606
f 1610 	1055 	1053
f 1610 	1053 	1605
f 1125 	1060 	1105
f 814 	1105 	1060
f 1629 	1612 	1608
f 1613 	1608 	1612
f 1661 	1662 	1617
f 1616 	1617 	1662
f 1156 	1253 	1151
f 1137 	1251 	1143
f 1174 	1251 	1136
f 1599 	1624 	1637
f 1619 	1058 	1055
f 1619 	1055 	1610
f 1618 	75 	1609
f 1614 	75 	1618
f 1614 	1604 	75
f 1624 	1628 	1637
f 1629 	1620 	1611
f 1611 	1620 	1621
f 1611 	1621 	1622
f 1611 	1622 	1623
f 1596 	1602 	1595
f 1623 	1595 	1611
f 1596 	1597 	1602
f 1625 	1067 	1049
f 1625 	1049 	1601
f 1628 	1506 	1637
f 1627 	610 	1626
f 1592 	598 	1591
f 1626 	603 	1592
f 1611 	1612 	1629
f 1607 	1052 	1067
f 1607 	1067 	1625
f 1075 	1693 	1630
f 1545 	510 	503
f 1545 	503 	1546
f 1608 	1613 	1631
f 1635 	1631 	1615
f 1496 	1497 	1637
f 1075 	1630 	1633
f 1075 	1633 	1076
f 1544 	515 	510
f 1544 	510 	1545
f 1613 	1615 	1631
f 1076 	1633 	1636
f 1076 	1636 	1082
f 1588 	781 	1634
f 1543 	497 	515
f 1543 	515 	1544
f 1082 	1636 	1639
f 1082 	1639 	1087
f 531 	1534 	848
f 88 	1640 	1641
f 88 	1641 	89
f 1087 	1639 	1643
f 1087 	1643 	1089
f 454 	1537 	524
f 1552 	524 	1537
f 89 	1641 	1645
f 89 	1645 	91
f 1644 	1646 	1642
f 1646 	1647 	1642
f 1648 	1649 	1647
f 1377 	1649 	1392
f 1553 	525 	524
f 1553 	524 	1552
f 91 	1645 	1638
f 91 	1638 	87
f 1642 	1647 	1649
f 1648 	1392 	1649
f 1058 	1619 	1095
f 1650 	1095 	1619
f 1651 	1098 	1095
f 1651 	1095 	1650
f 1652 	111 	110
f 1652 	110 	1653
f 1654 	1102 	1098
f 1654 	1098 	1651
f 100 	1655 	1656
f 100 	1656 	101
f 1657 	1113 	1102
f 1657 	1102 	1654
f 1660 	1673 	1659
f 1659 	1669 	1658
f 1665 	1661 	1658
f 1615 	1616 	1635
f 1662 	1635 	1616
f 527 	303 	523
f 798 	303 	527
f 303 	1009 	523
f 1663 	1114 	1113
f 1663 	1113 	1657
f 1617 	1658 	1661
f 1668 	1115 	1114
f 1668 	1114 	1663
f 1665 	1658 	1669
f 1669 	1659 	1673
f 1666 	106 	1638
f 87 	1638 	106
f 1672 	1116 	1115
f 1672 	1115 	1668
f 103 	1664 	1655
f 103 	1655 	100
f 1675 	1118 	1116
f 1675 	1116 	1672
f 1677 	1120 	1118
f 1677 	1118 	1675
f 101 	1656 	110
f 1653 	110 	1656
f 1670 	303 	1676
f 1671 	303 	1670
f 1679 	1121 	1120
f 1679 	1120 	1677
f 1646 	1644 	1697
f 1676 	303 	1680
f 113 	1682 	1683
f 113 	1683 	114
f 1681 	1696 	1684
f 1684 	1697 	1644
f 1689 	81 	1688
f 1687 	1688 	81
f 81 	83 	1687
f 1126 	1685 	1690
f 1126 	1690 	1129
f 1691 	303 	1674
f 1671 	1674 	303
f 1133 	1692 	1693
f 1133 	1693 	1134
f 1147 	1253 	1164
f 1151 	1253 	1147
f 1164 	1253 	1168
f 1160 	1251 	1156
f 1143 	1251 	1160
f 1136 	1251 	1137
f 1168 	1253 	1086
f 1697 	1684 	1696
f 1696 	1681 	1695
f 1681 	1678 	1695
f 1694 	1695 	1678
f 1660 	1694 	1678
f 1678 	1673 	1660
f 303 	1691 	1667
f 821 	303 	1667
f 828 	303 	821
f 1134 	1693 	1075
f 1195 	1251 	1174
f 1121 	1679 	1141
f 1699 	1141 	1679
f 1108 	1099 	1125
f 1099 	834 	1125
f 1704 	1142 	1141
f 1704 	1141 	1699
f 1701 	1707 	1700
f 1702 	1709 	1701
f 1703 	1709 	1702
f 1705 	1711 	1703
f 1700 	1707 	550
f 543 	546 	1706
f 66 	62 	36
f 38 	36 	62
f 1131 	1125 	834
f 539 	1557 	1290
f 539 	1290 	268
f 1706 	548 	1707
f 1726 	1722 	1725
f 1129 	1690 	1692
f 1129 	1692 	1133
f 834 	880 	1131
f 537 	1559 	1558
f 537 	1558 	540
f 1707 	1701 	1709
f 1710 	1154 	131
f 540 	1558 	1557
f 540 	1557 	539
f 1685 	1126 	1154
f 1685 	1154 	1710
f 555 	1562 	1559
f 555 	1559 	537
f 1709 	1703 	1711
f 1712 	1297 	1296
f 1712 	1296 	1713
f 1194 	1822 	1195
f 1199 	1822 	1194
f 1198 	1822 	1199
f 558 	1566 	1565
f 558 	1565 	559
f 880 	881 	1131
f 1714 	1466 	1303
f 559 	1565 	1564
f 559 	1564 	561
f 1297 	1712 	1300
f 1716 	1300 	1712
f 561 	1564 	1563
f 561 	1563 	563
f 1714 	1303 	1300
f 1714 	1300 	1716
f 1209 	1561 	1214
f 1206 	1186 	1561
f 1209 	1206 	1561
f 1889 	1214 	1561
f 563 	1563 	1562
f 563 	1562 	555
f 1718 	1726 	1717
f 1719 	1726 	1718
f 1715 	1717 	1726
f 1726 	1719 	1720
f 1726 	1720 	1721
f 1726 	1721 	1722
f 1723 	1725 	1722
f 1724 	1711 	1708
f 1724 	1725 	1723
f 1708 	1725 	1724
f 1727 	1728 	1731
f 1729 	1307 	1306
f 1729 	1306 	1730
f 1705 	1708 	1711
f 1713 	1296 	1307
f 1713 	1307 	1729
f 1571 	571 	570
f 1571 	570 	1572
f 1237 	1900 	1431
f 1900 	1902 	1431
f 1231 	1237 	1431
f 1218 	1231 	1431
f 1219 	1218 	1431
f 1431 	1427 	1224
f 1224 	1219 	1431
f 1731 	1715 	1727
f 1142 	1704 	1309
f 1732 	1309 	1704
f 1568 	572 	571
f 1568 	571 	1571
f 1726 	1727 	1715
f 1730 	1306 	1309
f 1730 	1309 	1732
f 1572 	570 	1357
f 1736 	1749 	1728
f 1320 	1733 	988
f 1241 	48 	1242
f 1245 	48 	1241
f 1045 	1242 	48
f 1321 	1734 	1735
f 1321 	1735 	1322
f 1247 	48 	1245
f 1249 	48 	1247
f 1322 	1735 	1737
f 1322 	1737 	1326
f 1740 	1741 	1746
f 1744 	1746 	1741
f 1743 	1744 	1741
f 1742 	1743 	1741
f 1739 	1740 	1746
f 1746 	1748 	1739
f 1738 	1739 	1748
f 1745 	1328 	1001
f 1745 	1001 	1344
f 508 	303 	501
f 1698 	303 	508
f 1680 	303 	1698
f 798 	501 	303
f 1736 	1738 	1748
f 1748 	1749 	1736
f 1253 	1156 	1251
f 1255 	1079 	1253
f 1259 	863 	1257
f 1257 	1091 	1255
f 1743 	1742 	1747
f 1341 	1734 	1321
f 518 	1485 	513
f 1731 	1728 	1749
f 1326 	1737 	1733
f 1326 	1733 	1320
f 520 	1467 	518
f 1751 	1343 	1328
f 1751 	1328 	1745
f 1742 	1814 	1747
f 523 	1303 	520
f 1191 	1232 	1427
f 1734 	1341 	1750
f 513 	1487 	325
f 1427 	1822 	1191
f 1198 	1191 	1822
f 1750 	1341 	1758
f 1351 	1758 	1341
f 1759 	1100 	1756
f 1757 	1759 	1756
f 1755 	1756 	1100
f 1100 	1107 	1755
f 1754 	1755 	1107
f 88 	1683 	1640
f 1760 	1389 	1356
f 557 	335 	1284
f 1284 	1287 	557
f 335 	336 	1283
f 1283 	1284 	335
f 1293 	1283 	336
f 114 	1683 	88
f 1760 	1356 	1343
f 1760 	1343 	1751
f 1761 	123 	122
f 1761 	122 	1763
f 1361 	1762 	1758
f 1361 	1758 	1351
f 111 	1652 	121
f 1764 	121 	1652
f 1365 	1765 	1766
f 1365 	1766 	1367
f 1763 	122 	121
f 1763 	121 	1764
f 1363 	1772 	1765
f 1363 	1765 	1365
f 1769 	1783 	1774
f 1783 	1784 	1773
f 1774 	1770 	1769
f 1767 	1768 	1771
f 1363 	1791 	1772
f 62 	53 	38
f 36 	536 	66
f 816 	38 	53
f 1367 	1766 	1762
f 1367 	1762 	1361
f 1770 	1771 	1768
f 1768 	1769 	1770
f 1773 	1774 	1783
f 1371 	1778 	1779
f 1371 	1779 	1369
f 1370 	1782 	1778
f 1370 	1778 	1371
f 833 	48 	828
f 1784 	1788 	1776
f 1757 	1776 	1788
f 1370 	1800 	1782
f 841 	48 	833
f 1776 	1773 	1784
f 850 	48 	846
f 1789 	1378 	1779
f 1369 	1779 	1378
f 1759 	1757 	1788
f 855 	48 	850
f 1378 	1789 	1790
f 1378 	1790 	1380
f 113 	1786 	1682
f 1380 	1790 	1791
f 1380 	1791 	1381
f 1381 	1791 	1363
f 1805 	1804 	1794
f 1795 	1805 	1794
f 1796 	1807 	1795
f 1767 	1771 	1796
f 861 	48 	855
f 303 	828 	48
f 846 	48 	841
f 1383 	1799 	1800
f 1383 	1800 	1384
f 1797 	1792 	1801
f 109 	1389 	1803
f 1792 	1793 	1801
f 1793 	1794 	1804
f 1803 	1389 	1760
f 879 	868 	99
f 868 	872 	99
f 83 	99 	872
f 875 	83 	872
f 1686 	83 	875
f 1804 	1801 	1793
f 1383 	1813 	1799
f 1805 	1795 	1807
f 1807 	1796 	1771
f 1384 	1800 	1370
f 7 	903 	48
f 1400 	1809 	1810
f 1400 	1810 	1405
f 1568 	1582 	572
f 581 	572 	1582
f 1405 	1810 	1813
f 1405 	1813 	1407
f 1912 	1911 	1431
f 1226 	1224 	1427
f 1232 	1226 	1427
f 1587 	582 	581
f 1587 	581 	1582
f 1408 	1819 	1820
f 1408 	1820 	1409
f 1251 	1195 	1822
f 1831 	1829 	1817
f 1818 	1827 	1817
f 1816 	1823 	1815
f 1821 	1752 	1815
f 1814 	1815 	1752
f 1752 	1747 	1814
f 1589 	579 	582
f 1589 	582 	1587
f 1821 	1815 	1823
f 1409 	1820 	1809
f 1409 	1809 	1400
f 892 	48 	903
f 891 	48 	892
f 1407 	1813 	1383
f 1827 	1818 	1825
f 1818 	1833 	1825
f 1823 	1816 	1829
f 1415 	47 	1819
f 1415 	1819 	1408
f 1598 	576 	575
f 1598 	575 	1600
f 1816 	1817 	1829
f 1831 	1817 	1827
f 1600 	575 	579
f 1600 	579 	1589
f 1412 	25 	27
f 1412 	27 	1413
f 1597 	584 	576
f 1597 	576 	1598
f 1413 	27 	28
f 1413 	28 	1414
f 1414 	28 	47
f 1414 	47 	1415
f 52 	1421 	1420
f 52 	1420 	54
f 1596 	588 	584
f 1596 	584 	1597
f 1797 	1837 	1835
f 1834 	1835 	1837
f 1792 	1797 	1835
f 1837 	1836 	1834
f 1833 	1834 	1836
f 1832 	1825 	1833
f 50 	1425 	1424
f 50 	1424 	51
f 1836 	1832 	1833
f 1595 	587 	588
f 1595 	588 	1596
f 592 	1602 	1566
f 592 	1566 	558
f 54 	1420 	1433
f 54 	1433 	56
f 592 	1611 	1602
f 135 	1777 	136
f 1775 	136 	1777
f 1389 	109 	1432
f 598 	1611 	592
f 56 	1433 	1432
f 56 	1432 	109
f 603 	1612 	1611
f 603 	1611 	598
f 1846 	1848 	1841
f 1842 	1846 	1841
f 1843 	1846 	1842
f 1844 	1847 	1843
f 1845 	1847 	1844
f 1840 	1841 	1848
f 1839 	1840 	1848
f 1436 	105 	104
f 1436 	104 	1437
f 1846 	1843 	1847
f 25 	1412 	104
f 1437 	104 	1412
f 1785 	134 	1780
f 608 	1615 	1613
f 608 	1613 	610
f 1449 	105 	1436
f 1839 	1849 	935
f 933 	935 	970
f 1786 	140 	139
f 1786 	139 	1787
f 51 	1424 	1421
f 51 	1421 	52
f 931 	933 	970
f 1441 	117 	1447
f 1786 	113 	140
f 587 	1595 	612
f 1623 	612 	1595
f 1848 	1849 	1839
f 134 	1785 	135
f 1777 	135 	1785
f 1621 	615 	614
f 1621 	614 	1622
f 1443 	118 	117
f 1443 	117 	1441
f 1620 	618 	615
f 1620 	615 	1621
f 1448 	116 	115
f 1448 	115 	1449
f 139 	1798 	1787
f 1629 	619 	618
f 1629 	618 	1620
f 1447 	120 	116
f 1447 	116 	1448
f 1853 	1854 	2094
f 1852 	2094 	1851
f 1854 	1858 	2094
f 2095 	2094 	1858
f 1859 	2095 	1858
f 137 	1802 	1798
f 1449 	115 	105
f 1608 	620 	619
f 1608 	619 	1629
f 1850 	1855 	1856
f 1802 	137 	136
f 1802 	136 	1775
f 1447 	117 	120
f 1622 	614 	612
f 1622 	612 	1623
f 1458 	127 	126
f 1458 	126 	1456
f 1856 	1855 	1857
f 620 	1608 	627
f 1631 	627 	1608
f 1010 	1857 	992
f 1635 	628 	627
f 1635 	627 	1631
f 150 	1811 	1812
f 150 	1812 	151
f 1662 	666 	628
f 1662 	628 	1635
f 1460 	131 	1154
f 1851 	2094 	1850
f 1860 	2095 	1859
f 1861 	2095 	1860
f 1863 	1866 	2093
f 1464 	132 	131
f 1464 	131 	1460
f 1808 	1826 	155
f 604 	1617 	1616
f 604 	1616 	631
f 132 	1464 	126
f 1456 	126 	1464
f 1866 	1864 	2093
f 1867 	1862 	2095
f 631 	1616 	1615
f 631 	1615 	608
f 1828 	157 	1826
f 155 	1826 	157
f 148 	1466 	1714
f 379 	2093 	1868
f 610 	1613 	1612
f 610 	1612 	603
f 157 	1828 	1830
f 152 	1467 	1466
f 152 	1466 	148
f 1865 	1868 	2093
f 1864 	1865 	2093
f 318 	1392 	637
f 1648 	637 	1392
f 152 	1485 	1467
f 641 	1644 	1642
f 641 	1642 	643
f 1474 	142 	141
f 1474 	141 	1475
f 643 	1642 	1649
f 643 	1649 	645
f 1468 	164 	163
f 1468 	163 	1469
f 1812 	1806 	151
f 645 	1649 	1377
f 645 	1377 	306
f 1471 	162 	161
f 1471 	161 	1472
f 1870 	351 	379
f 351 	350 	379
f 382 	379 	356
f 1647 	647 	637
f 1647 	637 	1648
f 1472 	161 	168
f 1472 	168 	1473
f 1780 	129 	128
f 1780 	128 	1781
f 1646 	651 	647
f 1646 	647 	1647
f 143 	1781 	128
f 1872 	1873 	1875
f 1874 	1875 	1873
f 1874 	1873 	823
f 1875 	1876 	1872
f 1871 	1872 	1876
f 1847 	1845 	1876
f 1469 	163 	162
f 1469 	162 	1471
f 134 	129 	1780
f 127 	1458 	141
f 1475 	141 	1458
f 654 	1660 	1659
f 654 	1659 	655
f 1871 	1876 	1845
f 142 	1474 	168
f 1473 	168 	1474
f 655 	1659 	1658
f 655 	1658 	658
f 1470 	166 	165
f 1470 	165 	1476
f 658 	1658 	1617
f 658 	1617 	604
f 1476 	165 	164
f 1476 	164 	1468
f 1427 	1428 	1879
f 1427 	1879 	1822
f 1661 	667 	666
f 1661 	666 	1662
f 1489 	179 	1477
f 138 	1798 	139
f 1250 	1251 	1879
f 1822 	1879 	1251
f 1477 	179 	183
f 1477 	183 	1478
f 1665 	668 	667
f 1665 	667 	1661
f 1264 	1263 	1824
f 1880 	1824 	1263
f 137 	1798 	138
f 1478 	183 	185
f 1478 	185 	1479
f 1669 	669 	668
f 1669 	668 	1665
f 1881 	1882 	1824
f 1881 	1824 	1880
f 1479 	185 	239
f 1479 	239 	1480
f 1883 	1884 	1882
f 1883 	1882 	1881
f 1673 	670 	669
f 1673 	669 	1669
f 1781 	143 	1806
f 1481 	166 	1470
f 1885 	1886 	1884
f 1885 	1884 	1883
f 166 	1481 	238
f 1887 	1888 	1886
f 1887 	1886 	1885
f 178 	1808 	154
f 1878 	1877 	1888
f 1878 	1888 	1887
f 1678 	671 	670
f 1678 	670 	1673
f 1480 	239 	238
f 1480 	238 	1481
f 1213 	1214 	1890
f 1889 	1890 	1214
f 671 	1678 	1681
f 671 	1681 	672
f 154 	1808 	155
f 1891 	1892 	1890
f 1891 	1890 	1889
f 367 	1483 	1482
f 367 	1482 	244
f 1644 	641 	1684
f 673 	1684 	641
f 672 	1681 	1684
f 672 	1684 	673
f 1893 	1894 	1895
f 1893 	1895 	1896
f 157 	1830 	159
f 365 	1484 	1483
f 365 	1483 	367
f 651 	1646 	678
f 1697 	678 	1646
f 1897 	1898 	1894
f 1897 	1894 	1893
f 159 	1811 	150
f 368 	1485 	152
f 1695 	684 	683
f 1695 	683 	1696
f 372 	1486 	1485
f 372 	1485 	368
f 1899 	1900 	1235
f 159 	1830 	1811
f 684 	1695 	1694
f 684 	1694 	686
f 377 	1487 	1486
f 377 	1486 	372
f 1901 	1902 	1900
f 1901 	1900 	1899
f 151 	1806 	143
f 471 	1874 	823
f 686 	1694 	1660
f 686 	1660 	654
f 1487 	377 	1482
f 244 	1482 	377
f 1903 	1904 	1905
f 1903 	1905 	1906
f 1696 	683 	678
f 1696 	678 	1697
f 1896 	1895 	1904
f 1896 	1904 	1903
f 1488 	360 	381
f 1488 	381 	1489
f 692 	1702 	1701
f 692 	1701 	693
f 1907 	1908 	1898
f 1907 	1898 	1897
f 1761 	1838 	123
f 170 	123 	1838
f 179 	1489 	381
f 1907 	1926 	1908
f 388 	1491 	1484
f 388 	1484 	365
f 694 	1705 	1703
f 694 	1703 	697
f 1910 	1911 	1912
f 1910 	1912 	1913
f 174 	1909 	1914
f 174 	1914 	175
f 697 	1703 	1702
f 697 	1702 	692
f 1906 	1905 	1911
f 1906 	1911 	1910
f 177 	1915 	1916
f 177 	1916 	178
f 1494 	391 	390
f 1494 	390 	1495
f 693 	1701 	1700
f 693 	1700 	702
f 1913 	1912 	1902
f 1913 	1902 	1901
f 1495 	390 	389
f 1495 	389 	1498
f 1916 	1808 	178
f 550 	702 	1700
f 1917 	1918 	1919
f 1917 	1919 	1920
f 1501 	398 	396
f 1501 	396 	1503
f 176 	1921 	1915
f 176 	1915 	177
f 1920 	1919 	1922
f 1920 	1922 	1923
f 1706 	718 	1627
f 1706 	1627 	543
f 175 	1914 	1921
f 175 	1921 	176
f 1498 	389 	401
f 1498 	401 	1499
f 708 	1708 	1705
f 708 	1705 	694
f 1976 	1417 	1416
f 1499 	401 	398
f 1499 	398 	1501
f 708 	1725 	1708
f 1925 	1926 	1907
f 1966 	182 	1927
f 360 	1488 	396
f 1503 	396 	1488
f 1923 	1922 	1926
f 1923 	1926 	1925
f 1707 	719 	718
f 1707 	718 	1706
f 180 	1924 	1928
f 180 	1928 	186
f 387 	1505 	1491
f 387 	1491 	388
f 1709 	721 	719
f 1709 	719 	1707
f 1927 	182 	186
f 1927 	186 	1928
f 387 	194 	1505
f 1930 	188 	187
f 1930 	187 	1932
f 1929 	1931 	1933
f 1929 	1933 	1934
f 391 	1494 	1493
f 391 	1493 	392
f 189 	1947 	1935
f 1934 	1933 	1936
f 1934 	1936 	1937
f 1711 	722 	721
f 1711 	721 	1709
f 1892 	1891 	1940
f 1939 	1940 	1891
f 428 	1514 	1513
f 428 	1513 	429
f 1722 	727 	726
f 1722 	726 	1723
f 1932 	187 	189
f 1932 	189 	1935
f 1940 	1939 	1941
f 1940 	1941 	1942
f 1938 	191 	188
f 1938 	188 	1930
f 1721 	730 	727
f 1721 	727 	1722
f 1962 	1943 	1944
f 430 	1516 	1515
f 430 	1515 	431
f 198 	1945 	1946
f 198 	1946 	199
f 1720 	731 	730
f 1720 	730 	1721
f 1944 	1943 	1931
f 1944 	1931 	1929
f 429 	1513 	1516
f 429 	1516 	430
f 200 	1947 	189
f 1719 	734 	731
f 1719 	731 	1720
f 434 	1520 	1519
f 434 	1519 	435
f 1948 	1949 	1951
f 1948 	1951 	1952
f 191 	1938 	203
f 1950 	203 	1938
f 438 	1521 	1520
f 438 	1520 	434
f 1953 	1954 	1955
f 1953 	1955 	1956
f 280 	1945 	198
f 1514 	428 	1519
f 435 	1519 	428
f 738 	1727 	1726
f 738 	1726 	740
f 1957 	1958 	1959
f 1957 	1959 	1961
f 209 	1960 	1947
f 209 	1947 	200
f 1943 	1962 	1963
f 740 	1726 	1725
f 740 	1725 	743
f 203 	1950 	249
f 1991 	249 	1950
f 431 	1515 	1425
f 431 	1425 	50
f 1958 	1957 	1963
f 1958 	1963 	1962
f 199 	1946 	1960
f 199 	1960 	209
f 743 	1725 	708
f 438 	1535 	1521
f 1961 	1959 	1952
f 1961 	1952 	1951
f 1924 	180 	1666
f 106 	1666 	180
f 118 	1443 	449
f 1525 	449 	1443
f 1723 	726 	750
f 1723 	750 	1724
f 1527 	453 	452
f 1527 	452 	1528
f 182 	1966 	215
f 722 	1711 	750
f 1724 	750 	1711
f 1965 	1964 	1967
f 1965 	1967 	1968
f 1530 	450 	449
f 1530 	449 	1525
f 1969 	217 	216
f 1969 	216 	1970
f 1968 	1967 	1954
f 1968 	1954 	1953
f 1718 	751 	734
f 1718 	734 	1719
f 1528 	452 	451
f 1528 	451 	1531
f 1971 	218 	217
f 1971 	217 	1969
f 1956 	1955 	1949
f 1956 	1949 	1948
f 1531 	451 	450
f 1531 	450 	1530
f 1717 	754 	751
f 1717 	751 	1718
f 1664 	103 	218
f 1664 	218 	1971
f 1981 	1972 	1973
f 737 	1728 	1727
f 737 	1727 	738
f 1974 	1976 	1416
f 1975 	222 	221
f 1975 	221 	1977
f 1715 	760 	754
f 1715 	754 	1717
f 1973 	1972 	1976
f 1973 	1976 	1974
f 1977 	221 	215
f 1977 	215 	1966
f 446 	1540 	1538
f 446 	1538 	461
f 1731 	789 	761
f 1970 	216 	222
f 1970 	222 	1975
f 461 	1538 	1536
f 461 	1536 	465
f 1731 	761 	760
f 1731 	760 	1715
f 1980 	236 	242
f 1980 	242 	1988
f 1972 	1981 	1982
f 467 	1535 	438
f 737 	767 	1728
f 2035 	309 	236
f 2035 	236 	1980
f 465 	1536 	1535
f 465 	1535 	467
f 1979 	1978 	1982
f 1979 	1982 	1981
f 1736 	1728 	767
f 1540 	446 	1554
f 493 	1554 	446
f 1984 	1985 	1986
f 1984 	1986 	1987
f 170 	1838 	241
f 241 	1838 	1983
f 771 	1738 	1736
f 771 	1736 	767
f 1551 	472 	1550
f 1988 	242 	241
f 1988 	241 	1983
f 1877 	1878 	1986
f 1987 	1986 	1878
f 775 	1739 	1738
f 775 	1738 	771
f 472 	1551 	473
f 1580 	473 	1551
f 1992 	1993 	1985
f 1992 	1985 	1984
f 1550 	472 	482
f 1550 	482 	1548
f 778 	1741 	1740
f 778 	1740 	779
f 1994 	251 	249
f 1994 	249 	1991
f 1990 	1989 	1993
f 1990 	1993 	1992
f 1548 	482 	487
f 1548 	487 	1549
f 1743 	794 	793
f 1743 	793 	1744
f 1995 	259 	251
f 1995 	251 	1994
f 1996 	1997 	1998
f 1996 	1998 	1999
f 453 	1527 	487
f 1549 	487 	1527
f 1744 	793 	792
f 1744 	792 	1746
f 2000 	264 	259
f 2000 	259 	1995
f 2002 	2027 	2001
f 1747 	795 	794
f 1747 	794 	1743
f 2003 	265 	264
f 2003 	264 	2000
f 1989 	1990 	2005
f 2004 	2005 	1990
f 1748 	790 	789
f 1748 	789 	1749
f 2006 	267 	265
f 2006 	265 	2003
f 489 	1556 	1555
f 489 	1555 	490
f 2007 	2008 	2005
f 2007 	2005 	2004
f 1749 	789 	1731
f 2009 	276 	267
f 2009 	267 	2006
f 1999 	1998 	2010
f 1999 	2010 	2011
f 1746 	792 	790
f 1746 	790 	1748
f 2018 	276 	2009
f 491 	1560 	1554
f 491 	1554 	493
f 2002 	2001 	1997
f 2002 	1997 	1996
f 490 	1555 	1560
f 490 	1560 	491
f 279 	2012 	2013
f 279 	2013 	280
f 1752 	796 	795
f 1752 	795 	1747
f 2011 	2010 	2014
f 2011 	2014 	2015
f 1567 	544 	509
f 779 	1740 	1739
f 779 	1739 	775
f 2016 	2017 	2008
f 2016 	2008 	2007
f 1567 	509 	507
f 1567 	507 	1570
f 1945 	280 	2013
f 776 	1742 	1741
f 776 	1741 	778
f 2015 	2014 	2017
f 2015 	2017 	2016
f 1570 	507 	505
f 1570 	505 	1573
f 2018 	282 	276
f 818 	1756 	1755
f 818 	1755 	819
f 2019 	2020 	2021
f 2019 	2021 	2022
f 1573 	505 	504
f 1573 	504 	1576
f 2023 	284 	282
f 2023 	282 	2018
f 819 	1755 	1754
f 819 	1754 	822
f 2022 	2021 	2024
f 2022 	2024 	2025
f 1577 	514 	512
f 1577 	512 	1578
f 2026 	291 	284
f 2026 	284 	2023
f 822 	1754 	1753
f 822 	1753 	829
f 2025 	2024 	2027
f 2025 	2027 	2028
f 1578 	512 	516
f 1578 	516 	1579
f 2029 	293 	291
f 2029 	291 	2026
f 829 	1753 	528
f 2028 	2027 	2002
f 1576 	504 	514
f 1576 	514 	1577
f 1759 	834 	1099
f 1759 	1099 	1100
f 2012 	279 	300
f 2012 	300 	2033
f 1888 	1877 	48
f 2033 	300 	2065
f 1909 	174 	2034
f 307 	2034 	174
f 307 	2044 	2034
f 842 	1757 	1756
f 842 	1756 	818
f 1877 	1986 	48
f 2008 	48 	2005
f 2017 	48 	2008
f 2010 	48 	2014
f 856 	1770 	851
f 1561 	49 	1889
f 856 	1771 	1770
f 2036 	311 	310
f 2036 	310 	2037
f 851 	1770 	1774
f 851 	1774 	852
f 2038 	315 	314
f 2038 	314 	2039
f 340 	2131 	2130
f 852 	1774 	1773
f 852 	1773 	859
f 2038 	347 	315
f 2037 	310 	319
f 2037 	319 	2040
f 2040 	319 	309
f 2040 	309 	2035
f 1911 	1905 	1431
f 1905 	1904 	1431
f 1904 	1895 	1431
f 1895 	1894 	1431
f 1894 	1898 	1431
f 1423 	1431 	1898
f 1898 	1908 	1423
f 1908 	1926 	1423
f 1419 	1423 	1926
f 1902 	1912 	1431
f 859 	1773 	1776
f 859 	1776 	864
f 2039 	314 	311
f 2039 	311 	2036
f 2127 	414 	348
f 329 	2041 	2042
f 329 	2042 	330
f 1767 	885 	866
f 1974 	1416 	1919
f 1922 	1919 	1416
f 1416 	1419 	1922
f 1926 	1922 	1419
f 2030 	2031 	2032
f 2030 	2032 	2043
f 330 	2042 	2044
f 330 	2044 	331
f 864 	1776 	1757
f 864 	1757 	842
f 1978 	1979 	2032
f 2043 	2032 	1979
f 1937 	49 	1934
f 1767 	866 	873
f 1767 	873 	1768
f 2046 	2047 	2072
f 327 	2045 	2048
f 327 	2048 	328
f 1561 	987 	49
f 1768 	873 	883
f 1768 	883 	1769
f 1891 	1889 	49
f 283 	414 	2127
f 1783 	882 	881
f 1783 	881 	1784
f 328 	2048 	2041
f 328 	2041 	329
f 1769 	883 	882
f 1769 	882 	1783
f 1934 	49 	1929
f 331 	2044 	307
f 834 	1759 	880
f 1788 	880 	1759
f 2050 	334 	333
f 2050 	333 	2051
f 1944 	49 	1962
f 1784 	881 	880
f 1784 	880 	1788
f 2059 	370 	334
f 2059 	334 	2050
f 1795 	886 	885
f 1795 	885 	1796
f 2088 	2086 	1962
f 343 	2056 	2052
f 1794 	888 	886
f 1794 	886 	1795
f 343 	2052 	2053
f 343 	2053 	344
f 1959 	1958 	1953
f 1953 	1956 	1959
f 1952 	1959 	1956
f 1948 	1952 	1956
f 1965 	1968 	1958
f 1958 	1962 	1965
f 2086 	1965 	1962
f 344 	2053 	2054
f 344 	2054 	345
f 896 	1797 	1801
f 896 	1801 	897
f 345 	2054 	2045
f 345 	2045 	327
f 897 	1801 	1804
f 897 	1804 	898
f 2055 	347 	2038
f 898 	1804 	1805
f 898 	1805 	899
f 1919 	1918 	1973
f 1974 	1919 	1973
f 2051 	333 	347
f 2051 	347 	2055
f 899 	1805 	1807
f 899 	1807 	900
f 1979 	1981 	1918
f 1981 	1973 	1918
f 357 	2056 	343
f 900 	1807 	1771
f 900 	1771 	856
f 2057 	586 	364
f 1796 	885 	1767
f 1989 	48 	1993
f 1985 	1993 	48
f 2005 	48 	1989
f 1986 	1985 	48
f 1886 	1888 	48
f 366 	2058 	2056
f 366 	2056 	357
f 1793 	906 	888
f 1793 	888 	1794
f 1792 	963 	906
f 1792 	906 	1793
f 2060 	373 	370
f 2060 	370 	2059
f 1884 	1886 	48
f 1279 	1818 	982
f 376 	2061 	2058
f 376 	2058 	366
f 982 	1818 	1817
f 982 	1817 	984
f 2057 	364 	378
f 2057 	378 	2062
f 984 	1817 	1816
f 984 	1816 	985
f 578 	650 	2061
f 578 	2061 	376
f 985 	1816 	1815
f 985 	1815 	987
f 1997 	2001 	48
f 2063 	384 	373
f 2063 	373 	2060
f 1882 	1884 	48
f 1821 	994 	796
f 1821 	796 	1752
f 2062 	378 	384
f 2062 	384 	2063
f 2014 	48 	2017
f 1824 	1882 	48
f 1039 	2120 	1037
f 1823 	995 	994
f 1823 	994 	1821
f 399 	594 	2064
f 1825 	999 	998
f 1825 	998 	1827
f 399 	2064 	2065
f 399 	2065 	400
f 1046 	2120 	1039
f 400 	2065 	300
f 1829 	996 	995
f 1829 	995 	1823
f 2024 	49 	2027
f 1831 	997 	996
f 1831 	996 	1829
f 565 	402 	2029
f 1827 	998 	997
f 1827 	997 	1831
f 1832 	1267 	999
f 1832 	999 	1825
f 1267 	1832 	1274
f 1268 	1814 	1742
f 1268 	1742 	776
f 2049 	2030 	2067
f 2030 	2043 	2067
f 2068 	2030 	2049
f 2066 	2067 	2043
f 2043 	1979 	2066
f 1918 	2066 	1979
f 987 	1815 	1814
f 987 	1814 	1268
f 963 	1792 	1271
f 1835 	1271 	1792
f 1274 	1832 	1836
f 1274 	1836 	1837
f 1274 	1837 	1275
f 2071 	49 	2070
f 2072 	2070 	49
f 1275 	1837 	1797
f 1275 	1797 	896
f 2049 	2073 	2074
f 2049 	2074 	2068
f 1461 	2159 	1176
f 1834 	1278 	1271
f 1834 	1271 	1835
f 2068 	2074 	2031
f 2068 	2031 	2030
f 1833 	1279 	1278
f 1833 	1278 	1834
f 2072 	49 	2046
f 2097 	49 	2071
f 1918 	1917 	2066
f 2075 	2066 	1917
f 1818 	1279 	1833
f 2078 	2067 	2066
f 2078 	2066 	2075
f 1283 	1842 	1841
f 1283 	1841 	1284
f 2073 	2049 	2067
f 2073 	2067 	2078
f 1284 	1841 	1840
f 1284 	1840 	1287
f 2080 	2069 	2020
f 2080 	2020 	2019
f 884 	433 	2143
f 1289 	1845 	1844
f 1289 	1844 	1292
f 1579 	516 	521
f 1579 	521 	1580
f 2069 	2080 	2046
f 2047 	2046 	2080
f 2143 	887 	884
f 1292 	1844 	1843
f 1292 	1843 	1293
f 2070 	2083 	2084
f 2070 	2084 	2071
f 473 	1580 	521
f 887 	2141 	889
f 1293 	1843 	1842
f 1293 	1842 	1283
f 2072 	2085 	2083
f 2072 	2083 	2070
f 502 	1626 	1592
f 894 	889 	2140
f 2141 	2140 	889
f 2072 	2047 	2085
f 1295 	1839 	66
f 534 	1583 	1556
f 534 	1556 	489
f 2071 	2084 	2097
f 894 	2140 	901
f 2139 	901 	2140
f 532 	1586 	1585
f 532 	1585 	533
f 1287 	1840 	1839
f 1287 	1839 	1295
f 2086 	2087 	1965
f 1964 	1965 	2087
f 502 	1592 	1591
f 502 	1591 	530
f 2088 	2089 	2087
f 2088 	2087 	2086
f 530 	1591 	1590
f 530 	1590 	538
f 1847 	1299 	1298
f 1847 	1298 	1846
f 2076 	2090 	2091
f 2076 	2091 	2077
f 533 	1585 	1583
f 533 	1583 	534
f 1847 	1394 	1299
f 2079 	2092 	2118
f 2079 	2118 	2081
f 1846 	1298 	1305
f 1846 	1305 	1848
f 538 	1590 	1586
f 538 	1586 	532
f 2077 	2091 	2092
f 2077 	2092 	2079
f 1849 	1304 	970
f 1603 	544 	1567
f 909 	907 	2166
f 1848 	1305 	1304
f 1848 	1304 	1849
f 1855 	1850 	2094
f 992 	1857 	1855
f 1852 	1853 	2094
f 1862 	1863 	2095
f 1861 	1867 	2095
f 1604 	545 	544
f 1604 	544 	1603
f 2166 	911 	909
f 1308 	1858 	1854
f 550 	1606 	702
f 911 	2165 	912
f 548 	1609 	1606
f 548 	1606 	550
f 1614 	546 	545
f 1614 	545 	1604
f 1312 	1852 	1851
f 1312 	1851 	1314
f 916 	912 	2164
f 547 	1618 	1609
f 547 	1609 	548
f 1314 	1851 	1850
f 1314 	1850 	1316
f 1869 	1870 	379
f 350 	356 	379
f 356 	362 	382
f 386 	382 	362
f 362 	361 	386
f 361 	395 	386
f 375 	386 	395
f 395 	394 	375
f 371 	375 	394
f 394 	462 	371
f 546 	1614 	1618
f 546 	1618 	547
f 1316 	1850 	1856
f 1316 	1856 	1318
f 1868 	1869 	379
f 543 	1627 	1626
f 543 	1626 	552
f 919 	2162 	2161
f 108 	992 	1310
f 1855 	1310 	992
f 2093 	2095 	1863
f 552 	1626 	502
f 1308 	1854 	1853
f 1308 	1853 	1325
f 806 	821 	1667
f 1325 	1853 	1852
f 1325 	1852 	1312
f 801 	1671 	1670
f 801 	1670 	802
f 800 	1674 	1671
f 800 	1671 	801
f 1857 	1331 	1856
f 1318 	1856 	1331
f 415 	409 	456
f 409 	412 	457
f 417 	415 	447
f 437 	457 	412
f 407 	417 	447
f 447 	444 	407
f 444 	969 	404
f 1010 	119 	1857
f 1331 	1857 	119
f 371 	462 	440
f 802 	1670 	1676
f 802 	1676 	803
f 1335 	1858 	1308
f 404 	407 	444
f 437 	440 	457
f 804 	1687 	1686
f 804 	1686 	805
f 1339 	1860 	1859
f 1339 	1859 	1340
f 456 	409 	457
f 1680 	865 	844
f 1340 	1859 	1858
f 1340 	1858 	1335
f 457 	440 	462
f 1680 	844 	1676
f 803 	1676 	844
f 447 	415 	456
f 1355 	1861 	1860
f 1355 	1860 	1339
f 1687 	804 	843
f 1687 	843 	1688
f 1350 	1863 	1862
f 1350 	1862 	1352
f 875 	805 	1686
f 1346 	1865 	1864
f 1346 	1864 	1347
f 1688 	843 	853
f 1688 	853 	1689
f 1349 	1866 	1863
f 1349 	1863 	1350
f 811 	813 	853
f 1689 	853 	813
f 1352 	1862 	1867
f 1352 	1867 	1354
f 807 	1691 	1674
f 807 	1674 	800
f 478 	476 	839
f 835 	839 	476
f 476 	468 	835
f 826 	835 	468
f 468 	471 	826
f 823 	826 	471
f 839 	847 	478
f 485 	478 	847
f 847 	1534 	485
f 1354 	1867 	1861
f 1354 	1861 	1355
f 806 	1667 	1691
f 806 	1691 	807
f 1698 	865 	1680
f 808 	485 	1534
f 1534 	1533 	808
f 508 	506 	865
f 508 	865 	1698
f 1347 	1864 	1866
f 1347 	1866 	1349
f 816 	815 	38
f 40 	38 	815
f 812 	808 	1533
f 1364 	1869 	1868
f 1364 	1868 	1366
f 2088 	1962 	2082
f 1968 	1953 	1958
f 2082 	1962 	2081
f 1366 	1868 	1865
f 1366 	1865 	1346
f 862 	857 	968
f 404 	969 	857
f 1360 	1870 	1869
f 1360 	1869 	1364
f 2076 	49 	2096
f 968 	857 	969
f 2097 	2096 	49
f 1376 	823 	1873
f 1063 	1088 	974
f 976 	974 	1073
f 1073 	862 	976
f 48 	1249 	1264
f 1264 	1824 	48
f 2010 	1998 	48
f 2001 	2027 	48
f 49 	48 	2027
f 2021 	49 	2024
f 2069 	49 	2020
f 2021 	2020 	49
f 2046 	49 	2069
f 1998 	1997 	48
f 1385 	1871 	1845
f 1385 	1845 	1289
f 1376 	1873 	1872
f 1376 	1872 	1388
f 1006 	1007 	1044
f 1002 	1012 	1015
f 1015 	1024 	1002
f 1388 	1872 	1871
f 1388 	1871 	1385
f 49 	2076 	2077
f 49 	2077 	2079
f 2079 	2081 	49
f 1929 	49 	1944
f 2081 	1962 	49
f 1939 	1891 	49
f 1941 	1939 	49
f 776 	49 	1268
f 1937 	1941 	49
f 1874 	1396 	1395
f 1874 	1395 	1875
f 1875 	1395 	1394
f 1875 	1394 	1876
f 1012 	1002 	1018
f 1042 	1033 	1006
f 1876 	1394 	1847
f 151 	75 	150
f 143 	88 	151
f 114 	88 	143
f 61 	151 	88
f 89 	91 	61
f 1101 	1002 	1024
f 1396 	1874 	470
f 471 	470 	1874
f 106 	180 	61
f 61 	180 	186
f 186 	182 	61
f 187 	188 	61
f 61 	303 	48
f 1002 	1006 	1018
f 379 	380 	1402
f 379 	1402 	2093
f 2093 	1402 	1401
f 2093 	1401 	2095
f 2100 	2098 	2099
f 1634 	2099 	2098
f 1030 	1018 	1006
f 1036 	1030 	1006
f 2101 	2102 	2099
f 2101 	2099 	1634
f 2094 	1401 	1404
f 6 	2102 	2101
f 2095 	1401 	2094
f 1033 	1036 	1006
f 1042 	1006 	1044
f 2100 	2 	1
f 2100 	1 	2098
f 1310 	1855 	1404
f 2094 	1404 	1855
f 2099 	5 	2
f 2099 	2 	2100
f 6 	5 	2099
f 6 	2099 	2102
f 1870 	1360 	351
f 352 	351 	1360
f 2101 	1634 	2104
f 1634 	1637 	2104
f 2103 	2104 	1637
f 8 	2101 	80
f 6 	2101 	8
f 2104 	80 	2101
f 80 	2104 	2103
f 968 	976 	862
f 1073 	974 	1070
f 273 	266 	2106
f 2107 	2108 	2106
f 273 	2106 	2108
f 1081 	1063 	1078
f 2107 	23 	2108
f 55 	2108 	23
f 1063 	1059 	1078
f 1070 	974 	1088
f 1088 	1063 	1081
f 15 	2106 	2105
f 15 	2105 	17
f 2106 	15 	23
f 2106 	23 	2107
f 1107 	1104 	1753
f 1753 	1754 	1107
f 1135 	1138 	1180
f 1145 	1161 	1122
f 1161 	1155 	1122
f 1155 	1150 	1122
f 1130 	1122 	1150
f 2113 	2125 	2112
f 2112 	2126 	2111
f 2111 	2159 	2110
f 2114 	2125 	2113
f 2115 	2125 	2114
f 2110 	2159 	2109
f 1165 	1169 	1127
f 1169 	1084 	1127
f 1127 	1130 	1165
f 1146 	1165 	1130
f 1150 	1146 	1130
f 2082 	2117 	2089
f 2082 	2089 	2088
f 1059 	1127 	1084
f 1294 	2156 	1291
f 2081 	2118 	2117
f 2081 	2117 	2082
f 2132 	2133 	2119
f 1084 	1078 	1059
f 2127 	2128 	2123
f 2156 	1294 	1446
f 2090 	2076 	2121
f 2096 	2121 	2076
f 2097 	2124 	2121
f 2097 	2121 	2096
f 1184 	1196 	1180
f 1196 	1175 	1180
f 1175 	1135 	1180
f 1138 	1145 	1180
f 2097 	2084 	2124
f 1122 	1180 	1145
f 1446 	1452 	2158
f 1937 	1936 	1942
f 1937 	1942 	1941
f 2125 	2115 	2123
f 1200 	1193 	1184
f 1197 	1200 	1187
f 1452 	1028 	2116
f 2158 	1452 	2116
f 1196 	1184 	1193
f 2126 	2112 	2125
f 2159 	2111 	2126
f 1652 	1653 	1640
f 1641 	1640 	1653
f 1653 	1656 	1641
f 1656 	1655 	1645
f 1645 	1641 	1656
f 1184 	1187 	1200
f 2127 	2123 	2115
f 1655 	1664 	1645
f 1664 	1971 	1645
f 1638 	1645 	1971
f 2159 	1461 	1260
f 2120 	2122 	2130
f 2130 	2131 	2120
f 2129 	2130 	2122
f 2131 	2132 	2120
f 2128 	2129 	2122
f 2122 	2123 	2128
f 1213 	1230 	1210
f 1220 	1223 	1210
f 1217 	1210 	1230
f 1220 	1210 	1217
f 1207 	1210 	1223
f 1223 	1227 	1207
f 2139 	2172 	925
f 1227 	1233 	1207
f 1233 	1192 	1207
f 1187 	1207 	1192
f 2172 	927 	925
f 1683 	1682 	1763
f 1763 	1764 	1683
f 1640 	1683 	1764
f 867 	927 	2170
f 1682 	1786 	1763
f 2119 	2120 	2132
f 2116 	2119 	2135
f 2135 	2136 	2116
f 2158 	2116 	2136
f 2137 	2158 	2136
f 2138 	2158 	2137
f 1652 	1640 	1764
f 867 	2170 	930
f 2169 	930 	2170
f 1230 	1213 	1235
f 2169 	2168 	930
f 1192 	1197 	1187
f 1808 	1777 	1826
f 2143 	2144 	2148
f 2144 	2145 	2148
f 2147 	2148 	2145
f 2146 	2147 	2145
f 2109 	2147 	2146
f 283 	2127 	2115
f 1806 	1811 	1781
f 2115 	2114 	283
f 1786 	1787 	1761
f 294 	2114 	2113
f 1240 	1243 	1007
f 1240 	1258 	1244
f 1244 	1256 	1246
f 1044 	1007 	1243
f 1248 	1246 	1254
f 1879 	1880 	1250
f 1761 	1763 	1786
f 1250 	1263 	1252
f 1254 	1252 	1248
f 2113 	2112 	294
f 1263 	1248 	1252
f 299 	2112 	2111
f 1254 	1246 	1256
f 1258 	1240 	1007
f 2151 	2139 	2150
f 2111 	2110 	299
f 1256 	1244 	1258
f 1775 	1808 	1838
f 1802 	1775 	1838
f 1785 	1826 	1777
f 1777 	1808 	1775
f 1780 	1781 	1830
f 1811 	1830 	1781
f 1422 	1418 	1885
f 1887 	1885 	1418
f 1418 	1417 	1887
f 1878 	1887 	1417
f 1417 	1976 	1878
f 2154 	2155 	2165
f 1830 	1828 	1780
f 1916 	1838 	1808
f 1812 	1811 	1806
f 2163 	2164 	2155
f 1263 	1250 	1880
f 1881 	1880 	1879
f 1428 	1429 	1883
f 1826 	1785 	1828
f 1785 	1780 	1828
f 1879 	1428 	1881
f 2157 	2161 	2156
f 2156 	2163 	2155
f 1883 	1881 	1428
f 1429 	1422 	1885
f 1798 	1802 	1838
f 1761 	1787 	1798
f 1885 	1883 	1429
f 1761 	1798 	1838
f 2134 	2135 	2119
f 2133 	2134 	2119
f 1909 	2034 	1988
f 1915 	1921 	1983
f 323 	2135 	2134
f 1893 	1896 	1892
f 1897 	1893 	1892
f 1896 	1903 	1892
f 1890 	1892 	1903
f 1903 	1906 	1890
f 2134 	2133 	326
f 2134 	326 	323
f 1921 	1914 	1983
f 2147 	2109 	2159
f 2133 	2132 	326
f 1213 	1890 	1913
f 1213 	1899 	1235
f 1988 	1983 	1914
f 2141 	2142 	2149
f 2149 	2150 	2141
f 2140 	2141 	2150
f 2142 	2143 	2149
f 2148 	2149 	2143
f 340 	2132 	2131
f 1914 	1909 	1988
f 1901 	1213 	1913
f 1899 	1213 	1901
f 1969 	1970 	1638
f 1928 	1966 	1927
f 1906 	1910 	1890
f 2162 	2156 	2161
f 2160 	2161 	2157
f 2158 	2138 	2157
f 2160 	2157 	2138
f 1935 	1947 	1932
f 1930 	1932 	1947
f 1947 	1960 	1930
f 1892 	1940 	1897
f 2006 	2003 	2013
f 2013 	2012 	2006
f 1960 	1946 	1938
f 1938 	1930 	1960
f 2128 	348 	2129
f 1910 	1913 	1890
f 2152 	2171 	2151
f 2165 	2166 	2154
f 2166 	2167 	2154
f 2164 	2165 	2155
f 2162 	2163 	2156
f 2153 	2154 	2167
f 2167 	2168 	2153
f 2168 	2169 	2153
f 2152 	2153 	2169
f 2169 	2170 	2152
f 348 	2128 	2127
f 2170 	2171 	2152
f 2172 	2151 	2171
f 2139 	2151 	2172
f 2140 	2150 	2139
f 1975 	1977 	1924
f 1928 	1924 	1977
f 1970 	1975 	1666
f 1966 	1928 	1977
f 1666 	1638 	1970
f 1971 	1969 	1638
f 1924 	1666 	1975
f 1949 	1955 	1920
f 1940 	1942 	1923
f 1923 	1925 	1940
f 1925 	1907 	1940
f 1907 	1897 	1940
f 1916 	1915 	1838
f 1983 	1838 	1915
f 2116 	1028 	2119
f 1037 	2119 	1028
f 2120 	2119 	1037
f 1046 	2122 	2120
f 2122 	1046 	1163
f 2122 	1163 	2123
f 1994 	1991 	1945
f 1946 	1945 	1991
f 1995 	1994 	1945
f 1945 	2013 	1995
f 1991 	1950 	1946
f 1950 	1938 	1946
f 2000 	1995 	2013
f 2003 	2000 	2013
f 2018 	2009 	2012
f 2123 	1163 	1172
f 2123 	1172 	2125
f 1176 	2126 	1172
f 2125 	1172 	2126
f 2009 	2006 	2012
f 1943 	1963 	1920
f 1931 	1943 	1920
f 1933 	1931 	1920
f 1923 	1942 	1920
f 1949 	1920 	1951
f 1942 	1936 	1920
f 1936 	1933 	1920
f 1176 	2159 	2126
f 1954 	1967 	1917
f 1955 	1954 	1917
f 2033 	2065 	2026
f 2023 	2033 	2026
f 2018 	2033 	2023
f 2012 	2033 	2018
f 2029 	2026 	2065
f 1951 	1920 	1961
f 1957 	1961 	1920
f 1963 	1957 	1920
f 1980 	1988 	2034
f 887 	2143 	2142
f 1964 	1917 	1967
f 2034 	2044 	1980
f 2142 	2141 	887
f 1917 	1920 	1955
f 2138 	799 	2160
f 907 	2168 	2167
f 2039 	2036 	2048
f 2041 	2048 	2036
f 2036 	2037 	2041
f 2042 	2041 	2037
f 2037 	2040 	2042
f 2035 	2042 	2040
f 1980 	2044 	2035
f 2167 	2166 	907
f 1976 	1972 	1987
f 1878 	1976 	1987
f 1984 	1987 	1972
f 1992 	1984 	1982
f 1982 	1978 	1992
f 911 	2166 	2165
f 2042 	2035 	2044
f 2164 	912 	2165
f 1990 	1992 	1978
f 2163 	916 	2164
f 2054 	2053 	2055
f 916 	2163 	919
f 2162 	919 	2163
f 2038 	2039 	2045
f 1972 	1982 	1984
f 2048 	2045 	2039
f 799 	2161 	2160
f 1261 	2148 	1260
f 2147 	1260 	2148
f 2148 	1261 	1266
f 2148 	1266 	2149
f 2055 	2038 	2054
f 2045 	2054 	2038
f 2051 	2055 	2053
f 2059 	2050 	2052
f 2056 	2059 	2052
f 2149 	1266 	1269
f 2149 	1269 	2150
f 1999 	2011 	2032
f 2011 	2015 	2032
f 2015 	2016 	2032
f 2016 	2007 	2032
f 2007 	2004 	2032
f 1990 	2032 	2004
f 1996 	1999 	2032
f 2052 	2050 	2053
f 1273 	2151 	1269
f 2150 	1269 	2151
f 2050 	2051 	2053
f 2151 	1273 	1277
f 2151 	1277 	2152
f 2152 	1277 	1281
f 2152 	1281 	2153
f 2025 	2028 	2031
f 2032 	2031 	2002
f 2002 	1996 	2032
f 2031 	2074 	2025
f 1978 	2032 	1990
f 2028 	2002 	2031
f 2022 	2025 	2074
f 2019 	2022 	2074
f 2019 	2074 	2080
f 1285 	2154 	1281
f 2153 	1281 	2154
f 1291 	2155 	2154
f 1291 	2154 	1285
f 2056 	2058 	2063
f 2060 	2056 	2063
f 2062 	2063 	2058
f 2059 	2056 	2060
f 2057 	2062 	2058
f 2058 	2061 	2057
f 2057 	2061 	650
f 2156 	2155 	1291
f 2074 	2073 	2080
f 2078 	2083 	2073
f 2080 	2073 	2047
f 1446 	2157 	2156
f 2029 	2065 	565
f 2157 	1446 	2158
f 1917 	1964 	2075
f 567 	565 	2064
f 2065 	2064 	565
f 2087 	2089 	2075
f 1260 	2147 	2159
f 2085 	2073 	2083
f 2047 	2073 	2085
f 2087 	2075 	1964
f 2078 	2075 	2089
f 2089 	2117 	2078
f 927 	2172 	2171
f 2171 	2170 	927
f 496 	562 	594
f 594 	562 	2064
f 2084 	2078 	2124
f 2117 	2118 	2078
f 2083 	2078 	2084
f 2098 	266 	273
f 2098 	273 	1634
f 2091 	2078 	2092
f 2092 	2078 	2118
f 2090 	2078 	2091
f 2121 	2078 	2090
f 2124 	2078 	2121
f 573 	568 	2064
f 567 	2064 	568
f 2098 	1 	266
f 577 	573 	2064
f 580 	2064 	583
f 1637 	1632 	2173
f 2173 	1632 	2174
f 580 	577 	2064
f 583 	2064 	585
f 2176 	2174 	2175
f 1632 	2175 	2174
f 2177 	2178 	2175
f 2177 	2175 	1632
f 585 	2064 	562
f 2179 	2180 	2173
f 2180 	1637 	2173
f 2181 	2103 	2180
f 2103 	1637 	2180
f 63 	2174 	64
f 2173 	2174 	63
f 495 	594 	597
f 597 	594 	602
f 589 	602 	591
f 495 	496 	594
f 691 	589 	591
f 64 	2174 	2176
f 64 	2176 	67
f 2175 	68 	67
f 2175 	67 	2176
f 591 	602 	594
f 2178 	69 	2175
f 68 	2175 	69
f 9 	1451 	10
f 2178 	2177 	69
f 76 	69 	2177
f 71 	2179 	2173
f 71 	2173 	63
f 71 	70 	2180
f 71 	2180 	2179
f 74 	2181 	2180
f 74 	2180 	70
f 665 	687 	609
f 591 	613 	685
f 80 	2103 	73
f 74 	73 	2103
f 74 	2103 	2181
f 2182 	2177 	1632
f 1632 	273 	2182
f 2108 	2182 	273
f 78 	2182 	2108
f 78 	2108 	55
f 2182 	78 	2177
f 76 	2177 	78
f 616 	648 	617
f 633 	648 	616
f 632 	648 	633
f 640 	617 	648
f 630 	648 	632
f 625 	648 	630
f 624 	648 	625
f 623 	648 	624
f 638 	640 	648
f 2057 	650 	648
f 638 	648 	650
f 677 	609 	687
f 679 	613 	677
f 685 	613 	679
f 691 	591 	685
f 609 	677 	613
f 664 	665 	659
f 609 	659 	665
f 664 	659 	660
f 664 	660 	688
f 688 	660 	690
f 709 	710 	699
f 706 	709 	699
f 724 	732 	703
f 703 	733 	706
f 700 	699 	710
f 710 	690 	700
f 660 	700 	690
f 733 	703 	732
f 749 	744 	923
f 732 	724 	735
f 724 	729 	752
f 741 	742 	729
f 742 	752 	729
f 729 	923 	741
f 735 	724 	752
f 709 	706 	733
f 913 	764 	768
f 763 	766 	764
f 623 	784 	759
f 648 	623 	759
f 780 	777 	759
f 766 	763 	777
f 784 	780 	759
f 763 	759 	777
f 1492 	29 	1430
f 24 	1430 	29
f 768 	764 	766
f 24 	1434 	1430
f 21 	1435 	1434
f 920 	926 	923
f 21 	19 	1438
f 21 	1438 	1435
f 1438 	19 	1439
f 18 	1439 	19
f 18 	16 	1439
f 1440 	1439 	16
f 1442 	1440 	14
f 16 	14 	1440
f 1068 	1056 	1074
f 952 	937 	920
f 937 	936 	920
f 928 	920 	936
f 926 	920 	928
f 749 	923 	926
f 744 	741 	923
f 1426 	1442 	13
f 14 	13 	1442
f 932 	947 	920
f 929 	955 	932
f 12 	1444 	13
f 1426 	13 	1444
f 12 	1445 	1444
f 948 	932 	941
f 941 	932 	939
f 10 	1450 	1445
f 1074 	961 	929
f 942 	920 	944
f 947 	932 	948
f 1450 	10 	1451
f 944 	920 	947
f 9 	263 	1451
f 952 	920 	942
f 60 	59 	1453
f 1455 	1453 	59
f 956 	932 	955
f 939 	932 	956
f 955 	929 	961
f 1455 	59 	1457
f 58 	1457 	59
f 1457 	58 	1459
f 57 	1459 	58
f 961 	1074 	1050
f 1050 	1074 	1056
f 1056 	1065 	1359
f 34 	1462 	1459
f 34 	1459 	57
f 1062 	1359 	1065
f 1462 	34 	1463
f 33 	1463 	34
f 1065 	1056 	1068
f 32 	1465 	1463
f 32 	1463 	33
f 1465 	32 	869
f 31 	869 	32
f 1373 	1379 	1083
f 31 	1490 	869
f 29 	1492 	1490
f 1109 	1097 	1110
f 1096 	1097 	1109
f 1106 	1110 	1097
f 1092 	1093 	1124
f 787 	1124 	1093
f 1093 	913 	787
f 768 	787 	913
f 1110 	1106 	1117
f 227 	234 	791
f 1496 	791 	234
f 234 	1497 	1496
f 1106 	1092 	1117
f 1124 	1117 	1092
f 60 	1453 	1497
f 1139 	1158 	1201
f 246 	245 	1506
f 1508 	1506 	245
f 229 	1509 	1508
f 229 	1508 	245
f 1152 	1149 	1171
f 1171 	1162 	1152
f 1148 	1171 	1149
f 1153 	1152 	1162
f 1162 	1202 	1153
f 1158 	1153 	1202
f 1202 	1201 	1158
f 229 	228 	1509
f 1569 	1509 	228
f 1569 	228 	791
f 227 	791 	228
f 1181 	1348 	1182
f 1229 	1348 	1189
f 1190 	1348 	1181
f 1096 	1212 	1348
f 1205 	1212 	1096
f 1109 	1132 	1096
f 1182 	1348 	1185
f 1189 	1348 	1190
f 1201 	1203 	1139
f 1132 	1139 	1203
f 1203 	1096 	1132
f 1205 	1096 	1203
f 1185 	1348 	1212
f 2186 	2187 	82
f 82 	2187 	2188
f 1348 	1229 	1222
f 1348 	1222 	1221
f 1348 	1221 	1238
f 1238 	1239 	1348
f 1348 	1236 	1234
f 1317 	1344 	1234
f 1323 	1344 	1313
f 1236 	1348 	1239
f 1313 	1344 	1317
f 1330 	1344 	1323
f 1348 	1234 	1344
f 1344 	1330 	1338
f 1338 	1332 	1344
f 2193 	92 	2191
f 1745 	1344 	1334
f 192 	2193 	2194
f 2195 	192 	2194
f 1379 	1362 	1083
f 1359 	1062 	1362
f 1062 	1083 	1362
f 1397 	1387 	1403
f 1605 	1607 	1410
f 1391 	1397 	1403
f 1083 	1406 	1372
f 201 	2197 	2198
f 1387 	1375 	1406
f 1391 	1403 	1393
f 2199 	204 	2198
f 201 	2198 	204
f 1372 	1373 	1083
f 1375 	1372 	1406
f 2200 	207 	2199
f 204 	2199 	207
f 1411 	1393 	1403
f 1406 	1403 	1387
f 207 	2200 	2201
f 1410 	1643 	1605
f 212 	2201 	2202
f 1619 	1610 	1643
f 1610 	1605 	1643
f 1625 	1601 	1411
f 1411 	1410 	1625
f 1393 	1411 	1601
f 1607 	1625 	1410
f 2184 	2183 	2190
f 2191 	2190 	2183
f 2192 	2193 	2183
f 2185 	2184 	2190
f 2190 	2189 	2185
f 2186 	2185 	2189
f 2189 	2188 	2186
f 2187 	2186 	2188
f 1675 	1672 	1693
f 1639 	1619 	1643
f 1650 	1639 	1651
f 1639 	1636 	1651
f 1654 	1651 	1636
f 1619 	1639 	1650
f 1636 	1633 	1654
f 1657 	1654 	1633
f 2191 	2183 	2193
f 2193 	2192 	2202
f 2201 	2195 	2202
f 2200 	2195 	2201
f 2199 	2196 	2200
f 2198 	2197 	2199
f 2196 	2199 	2197
f 2195 	2200 	2196
f 2194 	2202 	2195
f 2193 	2202 	2194
f 1657 	1633 	1663
f 1672 	1668 	1630
f 1574 	1451 	263
f 1633 	1630 	1663
f 1668 	1663 	1630
f 1574 	263 	1575
f 262 	1575 	263
f 262 	261 	1581
f 262 	1581 	1575
f 1675 	1693 	1677
f 1584 	1581 	260
f 261 	260 	1581
f 1677 	1693 	1679
f 260 	258 	1588
f 260 	1588 	1584
f 258 	781 	1588
f 256 	1593 	781
f 1593 	256 	1594
f 255 	1594 	256
f 1690 	1730 	1692
f 1685 	1713 	1690
f 1704 	1699 	1692
f 1679 	1693 	1699
f 1692 	1699 	1693
f 1630 	1693 	1672
f 255 	1599 	1594
f 1599 	253 	1624
f 253 	252 	1628
f 253 	1628 	1624
f 1729 	1690 	1713
f 1716 	1712 	1685
f 1730 	1690 	1729
f 1732 	1692 	1730
f 1704 	1692 	1732
f 1685 	1710 	1716
f 1714 	1716 	1710
f 132 	148 	131
f 1710 	131 	1714
f 252 	246 	1628
f 246 	1506 	1628
f 1712 	1713 	1685
f 1735 	1745 	1737
f 1733 	1737 	1745
f 1332 	1334 	1344
f 1733 	1745 	1334
f 1745 	1735 	1751
f 1735 	1734 	1751
f 1734 	1750 	1751
f 1766 	1760 	1762
f 1765 	1760 	1766
f 1758 	1762 	1760
f 1772 	1760 	1765
f 1760 	1751 	1758
f 1750 	1758 	1751
f 1803 	1760 	1790
f 1790 	1789 	1803
f 1778 	1803 	1779
f 1779 	1803 	1789
f 1790 	1760 	1791
f 1772 	1791 	1760
f 1778 	1782 	1803
f 1782 	1800 	1803
f 109 	1803 	1800
f 1799 	109 	1800
f 1813 	109 	1799
f 1820 	1819 	109
f 1809 	1820 	109
f 47 	109 	1819
f 1810 	1809 	109
f 28 	56 	47
f 27 	56 	28
f 1813 	1810 	109
# 4400 faces

 #end of obj_0

